evid,evid_ref,avg_picktime_SNR,grade_new,isol_or_rpt,avg_temp_Regolith_K,avg_temp_Rock_K,avg_interval_day,avg_PGV,avg_duration_s,avg_emergence_s,theta_mean_lag_deg,theta_sd_lag_deg,theta_mean_snr_deg,theta_sd_snr_deg
760815-15-M1,760815-15-M1,1976-08-15 15:12:08.500000,AA,isolated,119.75414814814816,252.1996962962963,0.3521817129629629,0.0064525797013607,252.1996962962963,12.0493205,56.677429894662986,2.148010188566132,312.2308052378074,0.610580200552316
760816-19-M3,760816-19-M3,1976-08-16 19:37:19.300563,AA,isolated,104.33745921755556,239.76095106106663,1.5363344972569444,0.0043315365506322,239.76095106106663,13.76726275,110.4303169605998,1.843107972079009e-05,97.67236797288284,0.0767675680306717
760817-05-M2,760817-05-M2,1976-08-17 05:25:25.067378,AA,isolated,101.80369871274074,237.0536987127408,1.944734576134259,0.0048197307425617,237.0536987127408,14.839882,108.12963489864345,0.0126853307721534,68.52422201882545,0.1049341727215637
760817-13-M1,760817-13-M1,1976-08-17 13:52:53.474766,AA,isolated,100.02860890275556,235.0386089027556,2.297146698680556,0.0212909510241935,235.0386089027556,6.3481302500000005,110.9338195889165,0.1627011096804467,118.46059451063964,0.1032393903293091
760817-20-M1,760817-20-M1,1976-08-17 20:47:00.908333,AA,isolated,98.77462629631113,233.5561683950816,2.584732735335648,0.0025317296007098,233.5561683950816,11.742603,132.10185766388395,2.544390988565498,92.31484981562816,0.1015024412907084
760818-12-M1,760818-12-M1,1976-08-18 12:14:23.633697,AA,isolated,96.43161628013334,230.6516162801333,3.2287457603819445,0.0036689564575098,230.6516162801333,14.2906475,100.8352896704086,0.6841415266262427,116.20055015051068,0.0520264928117134
760819-13-M2,760819-13-M2,1976-08-19 13:57:20.167539,AA,isolated,93.4514024432889,226.7171036649333,4.300233420590278,0.0282663264550551,226.7171036649333,9.7970245,84.11901231155532,2.1899155450188488,61.83311322172235,0.736667476974471
760820-13-M1,760820-13-M1,1976-08-20 13:49:17.021248,AA,isolated,91.32571788894812,223.73571788894816,5.29464144962963,0.0107741888054884,223.73571788894816,8.969558750000001,109.77003771312576,0.0025657010040754,71.14591026178587,0.3313778760178881
760820-21-M2,760820-21-M2,1976-08-20 21:54:51.993276,AA,isolated,90.70122972924445,222.83245945848887,5.631851774027778,0.0047206015875699,222.83245945848887,8.1142015,107.87983244497832,0.0062039504683827,85.31654448073357,0.5819776523987483
760822-12-M1,760822-12-M1,1976-08-22 12:42:04.958712,AA,isolated,88.17259320426668,219.05518640853333,7.247974059166667,0.0090083613894406,219.05518640853333,10.75110625,152.87033818923422,0.5054028905593061,147.4013000898994,3.902375213987267
760830-09-M3,760830-09-M3,1976-08-30 09:37:27.408922,AA,isolated,199.36562395715555,213.43601409887407,15.119761677337962,0.0069369627505554,213.43601409887407,8.9961745,70.31060490772855,0.7432686249169866,80.47585835028417,3.546740550881196
760830-10-M14,760830-10-M14,1976-08-30 10:00:35.075000,AA,isolated,201.6738259259259,213.7755003703704,15.135822627314814,0.0301680546035979,213.7755003703704,6.2523815,107.7757891140019,0.0356255433203847,108.75179419900068,1.41538325807783
760830-13-M4,760830-13-M4,1976-08-30 13:24:18.250000,AA,isolated,219.3045851851852,216.9738037037037,15.277294560185188,0.0053095193278588,216.9738037037037,9.7257665,116.23074300740284,0.0070354413767219,95.17896279098186,0.0607955485297322
760831-02-M1,760831-02-M1,1976-08-31 02:35:15.242927,AA,isolated,264.0721763470074,231.96408277512592,15.826565311655092,0.006793275348475,231.96408277512592,8.254847999999999,90.76399811797428,0.1149631146506929,117.34913658034807,0.1329006054238894
760831-03-M1,760831-03-M1,1976-08-31 03:04:46.195399,AA,isolated,265.34351672817775,232.5717583640889,15.847062446747683,0.0048038131732877,232.5717583640889,4.178232,118.98243425185078,0.0229400619498283,86.78176340271376,1.158835384604934
760831-03-M2,760831-03-M2,1976-08-31 03:21:59.565985,AA,isolated,266.0783580337778,232.9296298911852,15.859022754456015,0.0040065576411984,232.9296298911852,8.562586,14.534459909341024,0.4424595052277508,353.35581809771827,0.6671078292856752
760831-08-M3,760831-08-M3,1976-08-31 08:48:33.577995,AA,isolated,278.8430621895556,239.84593884266667,16.085805300868056,0.0275251336268416,239.84593884266667,10.5388615,52.58158612782269,0.5829899793129104,87.44182120998765,0.2907349880140707
760831-09-M4,760831-09-M4,1976-08-31 09:40:58.750000,AA,isolated,280.717037037037,240.97422222222224,16.122207754629628,0.0113660703105338,240.97422222222224,3.01063025,73.24293085675353,0.0907631527143869,56.886542898953465,0.2159572171759939
760831-16-M6,760831-16-M6,1976-08-31 16:48:55.696080,AA,isolated,294.6420543217778,250.2806281777778,16.41939463055556,0.0053344385930462,250.2806281777778,5.47347025,90.14076287453182,0.0995549926974427,135.0468471252123,0.0933887967932222
760831-19-M3,760831-19-M3,1976-08-31 19:54:40.978525,AA,isolated,300.0301531003704,254.3385105648148,16.548390955150467,0.0178832329248346,254.3385105648148,6.05705875,108.60495146793258,0.092132165659022,129.79655357527844,0.0878333061555612
760901-01-M1,760901-01-M1,1976-09-01 01:17:15.729462,AA,isolated,308.61164673182225,261.35825936426664,16.772404276180556,0.0132000720559462,261.35825936426664,11.53920175,102.3516077831685,0.0396720308933101,81.63805157967383,0.0442971969216426
760901-01-M2,760901-01-M2,1976-09-01 01:30:37.559529,AA,isolated,308.94558024906667,261.6533544992,16.781684716770833,0.0067499738057929,261.6533544992,7.2144565,116.3545748807006,0.0017131358475837,94.1936051566955,0.259816079531785
760902-19-M1,760902-19-M1,1976-09-02 19:47:38.775000,AA,isolated,354.4395977777777,310.36234,18.54350434027777,0.0138439672125105,310.36234,8.17865725,121.90030013511708,0.2533481637945441,83.87435035787055,0.07202600846818
760907-04-M1,760907-04-M1,1976-09-07 04:17:09.665086,AA,isolated,382.7842371072889,360.04858763090374,22.89733408664352,0.0044879015409337,360.04858763090374,6.584099500000001,84.35015911554711,0.3844164871021094,107.51997203857968,0.0431396005152495
760907-23-M1,760907-23-M1,1976-09-07 23:09:08.000000,AA,isolated,378.6460740740741,359.5404296296296,23.683425925925924,0.0080844784523485,359.5404296296296,5.8261065,113.2279437592192,0.0910927960840948,80.72598242980504,1.458400270524547
760908-06-N1,760908-06-N1,1976-09-08 06:52:28.800000,AA,isolated,376.1234577777778,358.5800533333333,24.005194444444445,0.0032767673148456,358.5800533333333,10.4980455,87.98461824673468,0.0697380625833804,72.32096779341084,0.774826829093105
760908-23-M1,760908-23-M1,1976-09-08 23:20:20.492227,AA,isolated,369.0425196700741,355.086259835037,24.69120940077546,0.0039878358156026,355.086259835037,3.5562935,88.0510514093696,0.1200022261952079,92.54039577649648,0.2403394718516327
760909-23-M2,760909-23-M2,1976-09-09 23:22:33.834989,AA,isolated,354.0258712615408,346.39621214945186,25.69275271978009,0.009146405449295,346.39621214945186,13.32142975,105.3787487545114,0.0282421846285434,93.37464056698904,0.1036243123464868
760910-07-M2,760910-07-M2,1976-09-10 07:41:25.441667,AA,isolated,347.3175249381926,342.3784530863704,26.039183352627315,0.0051472691801016,342.3784530863704,9.83639525,153.8134510851518,3.550847296743427,99.10990741449218,0.0597398841424088
760910-07-M4,760910-07-M4,1976-09-10 07:01:25.566667,AA,isolated,347.8863841974519,342.7239901234074,26.0114070216088,0.0091904352738761,342.7239901234074,5.262416,68.79216167483293,0.1099759385526507,67.0805191706492,0.4837119382083576
760911-22-M2,760911-22-M2,1976-09-11 22:23:01.578199,BB,isolated,301.3059652447408,316.3691814638617,27.65140715508488,0.0041685209356595,316.3691814638617,6.659865,357.4991823776918,0.2032374691158423,92.94870044228404,0.593465373832089
760912-01-M1,760912-01-M1,1976-09-12 01:06:29.950908,AA,isolated,296.7284677176889,314.05423385884444,27.764929987361107,0.0054056545909632,314.05423385884444,11.51811325,93.85919032640052,0.1115690503527517,96.153474052622,0.0768355329859511
760912-07-N1,760912-07-N1,1976-09-12 07:24:48.750000,AA,isolated,285.0706111111111,308.423,28.027647569444444,0.0080995605738713,308.423,11.90136125,11.428885269140247,6.158001117861949,126.1703187422979,2.0285266136913136
760912-08-M3,760912-08-M3,1976-09-12 08:50:29.533333,AA,isolated,282.1896029631556,307.0936730865037,28.08714737653935,0.0044826980753516,307.0936730865037,11.922875,350.34252515172665,0.0264558328594709,53.77073813554805,0.5662926358273055
760912-21-M4,760912-21-M4,1976-09-12 21:22:41.050000,AA,isolated,251.5008325925926,294.57672592592587,28.60950289351852,0.0068144226185575,294.57672592592587,5.68512,11.164100190847035,1.8594042602752825,114.34655642989196,0.0397011979322876
760913-01-M1,760913-01-M1,1976-09-13 01:01:07.741667,AA,isolated,239.9524375305481,290.63892481471106,28.76120071373843,0.0064182244155131,290.63892481471106,8.29744975,82.62918276449804,2.227798063389998,109.9162345619731,0.007026358948678
760913-02-M3,760913-02-M3,1976-09-13 02:50:27.567379,AA,isolated,233.4836338291852,288.6180901487555,28.837124622442133,0.0066445785870164,288.6180901487555,13.3385215,25.21359082599599,0.5450653847605212,289.36082367792204,2.2279637180729326
760913-05-M2,760913-05-M2,1976-09-13 05:14:15.046572,AA,isolated,224.07194618346665,285.89465148764447,28.936979705694444,0.0080440820621062,285.89465148764447,5.0563785,10.687779129520417,2.2688896735257345,12.7813007409512,1.5168012848507475
760913-05-M5,760913-05-M5,1976-09-13 05:56:22.081159,AA,isolated,221.0915026092,285.0877969727556,28.96622779119213,0.0053286194525771,285.0877969727556,10.51836825,40.65692319692133,0.789726281812544,11.470121330586917,0.4674677229533585
760913-10-M1,760913-10-M1,1976-09-13 10:44:19.725000,AA,isolated,196.65802,279.40979333333337,29.16620052083333,0.0071871148690436,279.40979333333337,7.89064725,348.6916312747755,0.2767338369810296,116.00002333877164,0.0667823126280886
760913-13-M3,760913-13-M3,1976-09-13 13:29:04.455521,AA,isolated,177.66260929438516,276.03974914808884,29.28060712408565,0.0058979907817603,276.03974914808884,9.5615655,15.955138872573546,0.7108529596005818,40.23371081229031,0.6030532502810844
760913-15-M2,760913-15-M2,1976-09-13 15:22:39.596739,AA,isolated,160.4918495656,273.66658782613337,29.35948607336806,0.0046682174896579,273.66658782613337,4.274916,43.90632571090707,0.174945412802384,97.30437611161456,1.861559111776344
760914-07-M1,760914-07-M1,1976-09-14 07:09:42.043923,AA,isolated,121.52261311226668,261.2804379373333,0.5249657861458333,0.0049815060565143,261.2804379373333,6.0888615,7.005855639389583,1.0582633753675907,75.72686302738877,1.4195831278550637
760914-13-M2,760914-13-M2,1976-09-14 13:30:20.983333,CC,isolated,117.43658049388148,258.06751308645926,0.7893053626504629,0.003102371730133,258.06751308645926,12.230103,-1.0,-1.0,-1.0,-1.0
760916-04-M1,760916-04-M1,1976-09-16 04:53:07.556767,AA,isolated,104.5977744138074,244.5572180172593,2.4301221848032406,0.0038712239156315,244.5572180172593,12.8541675,354.626839472736,0.2131729526826161,157.51091429488028,15.537016448937552
760916-20-M2,760916-20-M2,1976-09-16 20:58:43.470921,AA,isolated,101.5834012924,240.69566882066667,3.1006767467708336,0.0261954557314037,240.69566882066667,7.027977,230.18729621146912,102.19569306739724,92.75039320853334,3.846938686419154
760917-19-M1,760917-19-M1,1976-09-17 19:28:09.125000,AA,isolated,98.2532851851852,236.19492777777776,4.0377792245370365,0.0046445618933659,236.19492777777776,4.33375925,70.38234219065097,0.5488728356781934,84.95304805087062,1.1147118145482808
760918-06-M1,760918-06-M1,1976-09-18 06:48:39.439745,AA,isolated,96.8434980816296,234.21024712244449,4.510352311863426,0.0045764067305574,234.21024712244449,12.01573225,354.94190182796655,0.9509427841734052,220.8862653229569,1.1121810513126238
760919-14-M1,760919-14-M1,1976-09-19 14:03:11.283333,AA,isolated,93.62099901235555,229.5209990123556,5.812109760798611,0.0053699603201935,229.5209990123556,5.7727900000000005,353.16120766326685,0.2461316840642685,112.59308522057952,0.3695129160814669
760919-23-M1,760919-23-M1,1976-09-19 23:57:04.821537,AA,isolated,92.75519047297776,228.21519047297767,6.224534971493055,0.0113082991154748,228.21519047297767,7.0812085,97.18703791706704,60.42083723802629,105.6296011850961,0.0140460818078305
760922-22-M1,760922-22-M1,1976-09-22 22:19:09.628222,AA,isolated,87.94963513745185,220.69927027490368,9.156535048865742,0.0089392918790673,220.69927027490368,12.71139525,13.279482618415097,2.611923439748264,131.29484072087362,0.1398463139145132
760928-23-M1,760928-23-M1,1976-09-28 23:04:07.293146,AA,isolated,210.3423663453037,218.3559448389333,15.187758022523148,0.030123999601314,218.3559448389333,5.330783,107.03400156746682,0.0124108992233663,74.53199901473172,2.475310280246645
760929-00-M6,760929-00-M6,1976-09-29 00:51:07.150000,AA,isolated,219.2086548148148,220.063345925926,15.262061921296295,0.0053032007570151,220.063345925926,6.02857225,89.05493600824695,0.3511348002217027,81.90504067083089,0.1074274884387699
760929-12-M1,760929-12-M1,1976-09-29 12:40:30.400371,BB,isolated,260.9123084336988,233.2381364225976,15.754692133919754,0.0028385033046992,233.2381364225976,7.395239333333333,4.690774646985321,0.0434821221640161,24.171843874278345,0.3738195037248221
760929-12-M2,760929-12-M2,1976-09-29 12:43:38.050000,AA,isolated,261.05686814814817,233.3020762962963,15.75686400462963,0.0030347914230293,233.3020762962963,6.48911625,109.1677866804753,0.0297400505266524,99.48554402454528,0.2398530108887896
760929-18-N2,760929-18-N2,1976-09-29 18:34:39.766667,BB,isolated,275.71488839506173,240.57947259259257,16.000633873456792,0.0025457364286323,240.57947259259257,3.071203,352.7157723828532,0.1434371756739188,278.7023020045891,88.40759498038369
760930-02-M3,760930-02-M3,1976-09-30 02:36:23.975000,AA,isolated,292.3747866666667,250.92554629629632,16.33517332175926,0.0052585803739067,250.92554629629632,3.7422625,16.071380621367215,3.079981252024312,92.96057548917354,0.1541981402486628
760930-02-M4,760930-02-M4,1976-09-30 02:41:23.450000,AA,isolated,292.53104814814816,251.03300444444443,16.338639467592593,0.0032193291085313,251.03300444444443,6.3433685,56.75831512630323,0.2304933897623329,91.9980102809636,0.1089189477488818
760930-02-N1,760930-02-N1,1976-09-30 02:06:22.525000,AA,isolated,291.4240133333333,250.2760088888889,16.31432320601852,0.0050988381107997,250.2760088888889,5.11658275,73.17386828448352,0.6434805187667927,77.37508844701026,0.4874424112865433
760930-03-N2,760930-03-N2,1976-09-30 03:32:52.475000,AA,isolated,294.1235429629629,252.1513244444444,16.37439207175926,0.0044110180414195,252.1513244444444,7.1814635,19.98578427883204,1.2271167425250245,101.09078662422816,3.5084770137743924
760930-05-M4,760930-05-M4,1976-09-30 05:49:53.566751,AA,isolated,298.2335215227111,255.1253950929629,16.469543596655093,0.0045372630767092,255.1253950929629,6.42559625,347.32062132625924,21.502416473952724,60.49189689778848,1.8103770212991264
760930-06-M1,760930-06-M1,1976-09-30 06:09:40.182548,AA,isolated,298.8050495042371,255.55628712817776,16.483277575787035,0.0052347405950303,255.55628712817776,7.576021499999999,8.252911962091627,1.7962643123280364,78.74108349280499,0.4213365822440456
760930-12-M2,760930-12-M2,1976-09-30 12:24:24.025000,AA,isolated,309.01898851851854,263.67054222222225,16.743507233796297,0.0127569179209101,263.67054222222225,6.485205250000001,95.03579703408788,0.0486974503971857,77.47138154533499,0.264095770808088
761001-18-M2,761001-18-M2,1976-10-01 18:39:06.989197,AA,isolated,345.19586378586666,300.0254042065185,18.003726726817128,0.0128081410285983,300.0254042065185,4.59864025,52.25704824306781,1.9702935629930844,26.577104468592783,0.4861038760635723
761002-16-N1,761002-16-N1,1976-10-02 16:22:16.025000,AA,isolated,362.2675155555556,321.20002074074074,18.90869241898148,0.0059853370080802,321.20002074074074,7.394218749999999,130.92835369659034,0.5144489914511438,54.80031334454375,0.7468840068660784
761004-15-M1,761004-15-M1,1976-10-04 15:08:52.316667,AA,isolated,382.6215446913778,351.26308938275554,20.857723572534724,0.0218812179761909,351.26308938275554,9.1012765,63.753405227933534,0.1058294704059133,98.06813174247225,0.8530049293041874
761008-13-M1,761008-13-M1,1976-10-08 13:16:39.650000,AA,isolated,370.2367133333333,357.0692851851852,24.779799189814817,0.0037211710501026,357.0692851851852,6.27942275,78.26921697606178,2.3699712331957343,115.67408906942232,0.0176497955818274
761009-12-M2,761009-12-M2,1976-10-09 12:56:29.934159,AA,isolated,355.1369025448,348.2080087788,25.7657978490625,0.010698696413338,348.2080087788,12.31539225,104.46604218786796,0.0379612787796039,90.02782616988063,0.1470512939409536
761009-22-M3,761009-22-M3,1976-10-09 22:41:10.691667,AA,isolated,347.07108506164445,343.3306382715556,26.17182513503472,0.0032707594313984,343.3306382715556,5.893368,129.5231632525354,4.114906880413843,29.419103212807546,1.8976790505782823
761010-01-N2,761010-01-N2,1976-10-10 01:57:35.350000,AA,isolated,344.0785733333334,341.53023925925925,26.30822164351852,0.0032848717282528,341.53023925925925,4.203147,125.20189397918377,0.0226271178941604,111.74068766846904,0.0072019726925317
761011-23-M1,761011-23-M1,1976-10-11 23:10:49.185429,AA,isolated,280.5386308568889,307.4468838856,28.19240955357639,0.0054510256753926,307.4468838856,5.6589295,88.5854909130073,0.2877593238460346,77.19967328880105,0.3569136697533867
761012-05-M1,761012-05-M1,1976-10-12 05:42:53.178716,AA,isolated,265.3401840241778,300.979031176237,28.464677994398148,0.0069936562059548,300.979031176237,5.7290825000000005,123.69069662557143,0.1109028587538141,81.19396831680938,0.1291539776988532
761012-12-M3,761012-12-M3,1976-10-12 12:33:25.089543,AA,isolated,245.7879931537333,293.73589939466666,28.74976955489583,0.0060795987733832,293.73589939466666,5.26445675,129.8103770801785,0.5422437066600218,115.82953902518425,0.248856783972636
761012-20-M7,761012-20-M7,1976-10-12 20:41:54.508333,AA,isolated,213.9334035806963,284.45378987665185,29.08899893903936,0.0058037763780784,284.45378987665185,7.750171,71.87519551707753,0.99754838205634,100.01527738401715,0.3293187498995818
761014-02-M2,761014-02-M2,1976-10-14 02:43:29.777094,AA,isolated,117.5566996897778,259.1720297208,0.8010390867361111,0.0147437856693505,259.1720297208,5.5108,87.64065600436608,1.7533654985477936,83.68312948500565,2.632870015164793
761014-18-M2,761014-18-M2,1976-10-14 18:25:20.057003,AA,isolated,110.93488382195557,252.79236445894816,1.455093252349537,0.0223752859455636,252.79236445894816,5.22763675,82.92467051448459,0.7673196438346923,67.97107969791642,4.187584467155616
761015-04-M1,761015-04-M1,1976-10-15 04:36:16.191667,AA,isolated,107.9221339505926,249.4365607407111,1.879354070219908,0.0263046528764139,249.4365607407111,7.3665825,236.14641097001385,107.24534794889205,85.96706620220729,2.826977886570221
761015-07-M1,761015-07-M1,1976-10-15 07:28:42.610894,AA,isolated,107.1845860210963,248.5657325263704,1.9991042927546288,0.0046879149013861,248.5657325263704,9.8557835,76.92706352000116,0.3285677291768891,56.84671517594971,0.2421528908080104
761017-10-M2,761017-10-M2,1976-10-17 10:17:19.050000,AA,isolated,98.17254666666666,236.8950933333333,4.116192708333333,0.0046297352601635,236.8950933333333,6.474235500000001,65.90035467613014,1.2898173986609118,61.94630075614488,1.7616972102821356
761020-01-M1,761020-01-M1,1976-10-20 01:20:04.795226,AA,isolated,91.86763569700742,227.61763569700744,6.743111055856481,0.0113232728726045,227.61763569700744,4.105953,109.65752236089448,0.0031959602462847,81.43964273178376,0.1718513211285328
761021-07-M1,761021-07-M1,1976-10-21 07:32:41.828206,BB,isolated,89.70760254510124,224.2452050902025,8.00187301163966,0.0030790986679159,224.2452050902025,7.662358999999999,42.8291529615261,0.0509178595269292,57.2660596833173,1.2018679670743218
761024-00-M1,761024-00-M1,1976-10-24 00:25:05.067408,AA,isolated,86.12770270506667,218.41540541013333,10.704919761666666,0.0044579815389926,218.41540541013333,7.750596,83.15826495516816,0.1871302873487691,91.12552151256082,0.023398687026473
761028-01-M3,761028-01-M3,1976-10-28 01:28:59.933333,AA,isolated,107.63620740511112,212.23466074071112,14.74930478394676,0.0025382227670713,212.23466074071112,6.7643717500000005,76.09797045222132,0.5160226178586524,82.2877912858562,0.1883019769380902
761028-10-M1,761028-10-M1,1976-10-28 10:01:08.279506,AA,isolated,203.00662673588155,217.84951810512592,15.104956938726852,0.0088029755783596,217.84951810512592,10.327382,83.22089691712537,60.14706936119059,103.12051356869055,0.0417688602735712
761028-13-M8,761028-13-M8,1976-10-28 13:41:36.525000,AA,isolated,222.11742444444445,221.3360588888889,15.258061631944445,0.0066306318180296,221.3360588888889,7.95671875,85.08857825932152,0.0566745664947178,59.187972516463205,0.4062725694672974
761028-14-M6,761028-14-M6,1976-10-28 14:38:16.028193,AA,isolated,226.32523383160003,222.3029560839556,15.29740773371528,0.0095856456047926,222.3029560839556,10.18741575,83.56188063687095,0.1446887299246849,78.62955076775151,4.319357966303048
761029-02-M1,761029-02-M1,1976-10-29 02:28:41.650000,AA,isolated,265.746457037037,235.95996962962963,15.790759837962964,0.0034116404208985,235.95996962962963,4.3436235,135.97722976460454,6.886510153520397,93.76788055861176,0.0663989003906108
761029-03-M1,761029-03-M1,1976-10-29 03:10:43.248554,AA,isolated,267.5674211939555,236.83871059697776,15.819945006412038,0.0053139127481066,236.83871059697776,3.0607152500000003,121.40962287109603,0.0349797095990591,105.62778150029726,0.734744085448571
761029-03-M2,761029-03-M2,1976-10-29 03:23:33.833333,AA,isolated,268.1253925923555,237.10269629617773,15.828863811724537,0.0037730160160798,237.10269629617773,9.65093625,66.78971072407212,0.1902522128478684,48.59553138903307,0.0135098743641152
761029-03-M3,761029-03-M3,1976-10-29 03:43:53.208333,AA,isolated,268.98349320964445,237.52724135791112,15.84297694829861,0.0041064820518673,237.52724135791112,3.35756875,120.45578480076594,0.032217296817536,105.64607433837116,0.023945134320645
761029-16-M3,761029-16-M3,1976-10-29 16:43:17.512625,AA,isolated,296.76171006296295,254.3735600444444,16.38423047019676,0.0050611010294416,254.3735600444444,6.583929250000001,92.982453077934,0.1026144728628929,93.75886982434334,0.0767865154034749
761030-00-M1,761030-00-M1,1976-10-30 00:04:20.241677,AA,isolated,309.17180753530374,264.03638580629627,16.69051205644676,0.0089640206422162,264.03638580629627,11.586565749999998,84.68437569364197,0.1285100107751166,82.80294281735776,0.1993463155145861
761106-18-M1,761106-18-M1,1976-11-06 18:02:18.753886,AA,isolated,376.3935550949926,361.4697219343704,24.439105947754623,0.0112786488810214,361.4697219343704,12.6031475,236.60349230361,107.3653762992922,93.32588950251952,0.0178777069373478
761106-22-M4,761106-22-M4,1976-11-06 22:20:34.700000,AA,isolated,374.4153733333333,360.4218740740741,24.61845717592593,0.0060866553799423,360.4218740740741,7.188606500000001,68.09354040660452,0.833139994387221,88.48960981853568,0.0952153836730409
761108-03-M2,761108-03-M2,1976-11-08 03:23:28.126118,AA,isolated,356.347944212563,349.80311097860744,25.82879775599537,0.0098249832404904,349.80311097860744,13.97227975,91.00376734833092,0.1060207815453928,85.58513145758283,0.2135123646484242
761108-11-M3,761108-11-M3,1976-11-08 11:53:09.883767,AA,isolated,349.28328853275553,345.50075796044445,26.18275328434028,0.0047119375265847,345.50075796044445,4.06241575,122.29655915648682,0.0525830014591338,80.96182157684454,0.095420596599455
761108-12-M1,761108-12-M1,1976-11-08 12:12:31.100000,AA,isolated,348.9919614814815,345.3287259259259,26.19619328703704,0.0029996835837248,345.3287259259259,3.79200775,104.27943165377437,0.9140687227217426,89.80484725519287,3.944753127056322
761109-07-M2,761109-07-M2,1976-11-09 07:11:07.575000,AA,isolated,329.34586333333334,333.59809666666666,26.986893229166668,0.0058393751662487,333.59809666666666,9.532569,68.40789299709556,1.3767799779467411,66.1077509765332,0.7305748568896854
761111-06-M5,761111-06-M5,1976-11-11 06:19:35.168824,AA,isolated,233.58389649623703,290.6843919214222,28.95110149101852,0.0068806790054064,290.6843919214222,5.33580025,126.93597485769467,0.4587262126021982,238.1320906184572,55.23604748129442
761111-17-M1,761111-17-M1,1976-11-11 17:10:23.187677,AA,isolated,173.4925514218074,277.5684221592889,29.40304615366898,0.0058975959168066,277.5684221592889,6.890306750000001,122.1022167326436,3.10878997862213,97.25214325510773,0.1656689734844011
761112-22-M1,761112-22-M1,1976-11-12 22:17:02.622960,AA,isolated,114.993650272,257.5521335751112,1.0378775805555556,0.0040931321304021,257.5521335751112,8.347705000000001,74.17789566430794,1.824395336577182,110.53524446615144,0.0051066357823868
761113-11-M1,761113-11-M1,1976-11-13 11:20:49.064526,AA,isolated,110.15897204213331,252.5889720421333,1.5821650986805555,0.0043565811668107,252.5889720421333,9.63860625,8.199493484536585,0.0488551437246467,79.30331773987794,0.1406875246320766
761114-14-M2,761114-14-M2,1976-11-14 14:28:47.270770,CC,isolated,103.60097654696295,244.7487206837037,2.712699893171296,0.0050415959777732,244.7487206837037,14.2542525,-1.0,-1.0,-1.0,-1.0
761116-14-M1,761116-14-M1,1976-11-16 14:23:28.649493,AA,isolated,96.56492890391112,235.14739335586663,4.709012146909722,0.0078420503826468,235.14739335586663,3.65025575,110.36782644196003,0.0134476964351588,103.64635538136764,0.0386497832397717
761126-23-M3,761126-23-M3,1976-11-26 23:51:59.709261,AA,isolated,206.90865023595555,218.9190378879556,15.103816079409722,0.0091771730574215,218.9190378879556,4.267518,106.16141111644762,0.0081198106150109,95.06245049424469,0.2106061376515326
761127-10-M2,761127-10-M2,1976-11-27 10:30:50.919030,AA,isolated,251.38526136,230.286595832,15.547464340625,0.0053364382592851,230.286595832,10.3665825,353.2713055096518,0.0269799919616778,80.55899502291675,0.9604032617397606
761127-10-N2,761127-10-N2,1976-11-27 10:16:23.800000,CC,isolated,250.6144888888889,229.99397925925928,15.53742824074074,0.0034790688249854,229.99397925925928,14.205103,-1.0,-1.0,-1.0,-1.0
761127-16-M1,761127-16-M1,1976-11-27 16:36:50.304966,AA,isolated,268.8117724202666,237.7758862101333,15.801623900069444,0.0041944950799557,237.7758862101333,4.28494975,61.27270844558277,47.699995905965565,89.94519234800462,0.0022293027898078
761127-16-M2,761127-16-M2,1976-11-27 16:52:13.950000,AA,isolated,269.4685866666667,238.0945311111111,15.812314236111112,0.0043332696617166,238.0945311111111,5.5295925,70.73097715639503,0.7000912472873358,112.11622186722973,0.0290130178073316
761127-17-M1,761127-17-M1,1976-11-27 17:05:25.033333,AA,isolated,270.02965283927404,238.37556740728888,15.821470293206016,0.0037368294280114,238.37556740728888,6.167347749999999,130.00884052224188,3.2602948805058336,74.82671496823247,0.6118277581416259
761128-04-M1,761128-04-M1,1976-11-28 04:07:13.540036,AA,isolated,294.2012213525333,252.77390371703703,16.281059491157407,0.0092351461050232,252.77390371703703,8.409184750000001,59.9798184573673,0.641524352968902,48.4960343597614,0.0198280016241242
761128-05-M2,761128-05-M2,1976-11-28 05:43:39.616667,AA,isolated,297.21165308659255,254.90689506185183,16.34802797068287,0.0084952439852729,254.90689506185183,7.760035,89.0144284900438,0.5087137047627037,111.40308118972928,0.0140851693053657
761128-06-M2,761128-06-M2,1976-11-28 06:07:22.033333,AA,isolated,297.9326538269926,255.4337160492593,16.36449112653935,0.007743179198112,255.4337160492593,14.7630115,92.05616381025808,0.2365203797451353,83.34072224041475,1.2123896486286858
761128-18-M1,761128-18-M1,1976-11-28 18:53:43.418228,BB,isolated,318.4693672913333,272.2738586030864,16.89668308134645,0.0035143339328462,272.2738586030864,1.507257,117.24152455768312,2.095812973630756,74.82512208099828,68.26501455624758
761130-05-M1,761130-05-M1,1976-11-30 05:49:49.186501,AA,isolated,356.2042636668889,312.9280673113926,18.35230539931713,0.0147421330071866,312.9280673113926,7.725851,132.57053865475785,0.2386885622703939,75.84760288389586,0.4203600558066628
761207-18-M1,761207-18-M1,1976-12-07 18:52:43.725140,AA,isolated,356.8769499688889,350.79816998133333,25.89599218912037,0.0153230847708279,350.79816998133333,7.492943,92.29329878215064,0.1902274968730373,97.6479769702626,0.0705494471941116
761207-23-M2,761207-23-M2,1976-12-07 23:13:18.583333,AA,isolated,353.31403950625185,348.60502469140744,26.0769511959838,0.0073949344761577,348.60502469140744,7.432824,58.99961639248952,0.1032234444445635,67.35132308380324,1.01311071969414
761210-04-M3,761210-04-M3,1976-12-10 04:55:59.425000,AA,isolated,280.2127937037037,308.7410507407407,28.314923900462965,0.0089150887524362,308.7410507407407,9.64813025,119.30631920710354,0.0939439447908065,105.98824649232526,0.7656396851459432
761210-22-M5,761210-22-M5,1976-12-10 22:46:49.924360,AA,isolated,227.31297629511107,289.5208394678519,29.058563939351853,0.0058388937614757,289.5208394678519,11.5259365,327.8901768129466,0.2907881159672881,72.67675444509314,0.2328854515105359
761211-07-M1,761211-07-M1,1976-12-11 07:08:26.640042,AA,isolated,180.30329412826669,279.2998613184,29.406905556041664,0.0054494876109323,279.2998613184,8.9414975,81.04894994602843,0.2428575256667516,103.7795928890886,0.0395251908916218
761214-05-M1,761214-05-M1,1976-12-14 05:17:29.146463,AA,isolated,103.69116169108148,245.3011616910815,2.7282887322106486,0.0060172831816072,245.3011616910815,9.32066425,100.60306217707269,0.0482419249778776,98.89955012894164,0.00651049793382
761214-08-M1,761214-08-M1,1976-12-14 08:39:51.939700,AA,isolated,103.0536915688889,244.47948594814807,2.868830320601852,0.00363940060198,244.47948594814807,14.72168475,323.1994725552706,65.11999565479496,52.47860878734296,0.1213275874755183
761215-07-M1,761215-07-M1,1976-12-15 07:13:57.945695,AA,isolated,99.42850531274075,239.6070106254815,3.809177612210648,0.0054454557255873,239.6070106254815,12.61071525,106.08238717555044,0.0134717931319329,98.10609715544513,0.0723573838680593
761219-16-M1,761219-16-M1,1976-12-19 16:26:25.255539,AA,isolated,89.54318139942222,224.8563627988445,8.19282703170139,0.020683644223535,224.8563627988445,5.10722875,63.69761802619256,2.9805165029826983,78.85401334374376,0.6150798039323327
761220-22-M1,761220-22-M1,1976-12-20 22:21:07.727731,AA,isolated,87.7678855150963,221.97788551509623,9.43915194133102,0.0063238588782136,221.97788551509623,7.029678,92.66521595777316,0.0250669280435261,91.28202060217212,0.0264055190291794
761224-01-M1,761224-01-M1,1976-12-24 01:44:41.929975,AA,isolated,84.25,216.08386874148147,12.580520022858794,0.0035721645507775,216.08386874148147,9.179763,55.86254377839265,1.169849708274168,102.28069467023737,0.0787477582801592
761226-07-M1,761226-07-M1,1976-12-26 07:12:30.608333,AA,isolated,150.27781765308146,214.21898802463704,14.808166763113428,0.00342821097982,214.21898802463704,5.931208499999999,26.89287161682545,1.5667281972834182,298.76104063120295,0.0382434186844796
761226-13-M2,761226-13-M2,1976-12-26 13:57:57.793417,AA,isolated,207.28961326842963,219.3725553790963,15.089731405289353,0.0149167090872378,219.3725553790963,10.11564725,102.56379674811076,0.0082893162255209,89.36736577175533,0.3816404039923611
761227-07-M1,761227-07-M1,1976-12-27 07:03:17.283391,AA,isolated,270.12029041137777,238.73014520568893,15.801762539247685,0.0046948107757432,238.73014520568893,6.21836825,107.55019663654244,0.0056993564271859,85.34721978008787,0.0192879594036909
761227-07-M3,761227-07-M3,1976-12-27 07:32:10.536537,AA,isolated,271.34089210724443,239.3464129909333,15.821823339548612,0.0060496446925007,239.3464129909333,3.54608925,110.28534106706049,0.0031626761028395,64.25753710775534,0.3509891490199661
761227-08-M1,761227-08-M1,1976-12-27 08:01:47.128634,AA,isolated,272.569672846874,239.9780901809778,15.842385748078703,0.0109683887432709,239.9780901809778,9.90119125,109.40269766573144,0.0117410878134761,68.75617479081731,0.7023259145564449
761227-18-M8,761227-18-M8,1976-12-27 18:40:38.500000,BB,isolated,295.5405333333333,253.9531481481482,16.286035879629626,0.0034828801861665,253.9531481481482,8.816894333333332,126.9861415843437,4.332116092557811,60.67787921582848,2.987783139256577
761227-18-N2,761227-18-N2,1976-12-27 18:10:22.500000,AA,isolated,294.582,253.2813333333333,16.265017361111113,0.0038003749919077,253.2813333333333,10.7261915,73.70205715115172,2.8699078498063035,86.9864472229689,0.0763777951438272
761227-23-M1,761227-23-M1,1976-12-27 23:08:56.858545,AA,isolated,303.59246417755554,259.9155031648148,16.47235947390046,0.0049350905417444,259.9155031648148,9.81811325,59.518772081950615,0.4298190376097837,90.83150438820984,0.2039926780937187
761227-23-M4,761227-23-M4,1976-12-27 23:46:35.300000,BB,isolated,304.660434073921,260.7519629628396,16.498498842588734,0.0025439328557269,260.7519629628396,1.7158736666666667,350.4542659334169,0.1305455921212887,78.29944759842337,57.389712462408085
761228-01-M4,761228-01-M4,1976-12-28 01:36:13.625000,AA,isolated,307.7060555555556,263.17837962962966,16.574636863425926,0.0083578729086032,263.17837962962966,6.3133515,124.61729521236234,0.0543489024060582,102.75320604481011,0.0028467027696622
761228-14-M1,761228-14-M1,1976-12-28 14:31:05.985032,AA,isolated,326.4634613447112,279.99346134471114,17.112742882314812,0.0101270831911277,279.99346134471114,9.0914975,81.02144986024345,0.085855877774856,99.11185098459715,0.0568294367198642
761229-21-M1,761229-21-M1,1976-12-29 21:21:59.458333,AA,isolated,357.9336654320296,315.0814030863259,18.3980840084838,0.0073332824937725,315.0814030863259,3.07738175,51.28090381230925,0.0669113843182698,87.62047324651694,0.1353802924335415
761230-09-M1,761230-09-M1,1976-12-30 09:11:02.066667,AA,isolated,366.51750913586665,326.07693432106663,18.89047530864584,0.0092071096370406,326.07693432106663,8.4095245,81.36285815650294,0.1428548883511413,93.0154716138526,0.0241210354392556
761230-19-M1,761230-19-M1,1976-12-30 19:25:49.275380,AA,isolated,372.7228556118519,334.4642834177778,19.317410594675927,0.0058791119472294,334.4642834177778,8.52891275,97.71240603479409,0.0264939607453035,71.88549476263233,0.2056314456156455
770105-00-M2,770105-00-M2,1977-01-05 00:55:00.450000,AA,isolated,377.6788355555556,363.44552222222217,24.546012152777777,0.0108215480172144,363.44552222222217,3.662671000000001,83.98267153395413,0.1091838818163535,121.18867361749514,0.2468064058396696
770109-03-M4,770109-03-M4,1977-01-09 03:57:49.207416,AA,isolated,260.33602973262225,300.8020866915556,28.672965363611112,0.0064507747725344,300.8020866915556,9.16428675,316.27996072508535,0.2212958772906856,283.65569100005115,0.3970125328993624
770109-08-M4,770109-08-M4,1977-01-09 08:45:33.449854,AA,isolated,245.755942356326,295.5495933787556,28.8727829844213,0.0063638274865924,295.5495933787556,6.218963249999999,96.40710080843068,0.0884931472004895,90.09253053634636,0.122787957925129
770109-09-M1,770109-09-M1,1977-01-09 09:04:49.624149,AA,isolated,244.6796841276,295.1798947092,28.88616463135417,0.0082398241108455,295.1798947092,12.0840145,350.7057858040658,0.2257884175130452,50.17725739620622,1.104201598169122
770109-12-M3,770109-12-M3,1977-01-09 12:53:34.227802,AA,isolated,230.7086357755556,290.8123998274963,29.04501421067129,0.0071830997509598,290.8123998274963,14.290562,113.74205494749758,0.0026913123707577,91.58607589414848,0.051260084858288
770109-12-M4,770109-12-M4,1977-01-09 12:56:36.875000,AA,isolated,230.5053703703704,290.75319444444443,29.04712818287037,0.0068066247353068,290.75319444444443,8.998725250000001,109.5363623816659,0.5797197687902352,64.90389438467511,1.6418764098981786
770110-00-M2,770110-00-M2,1977-01-10 00:10:36.372585,AA,isolated,160.73387934200002,276.913734192,29.5151779234375,0.005654617459152,276.913734192,6.51836825,94.22056156889322,0.1714965798422447,107.3552368186322,0.0659709795615733
770110-01-M3,770110-01-M3,1977-01-10 01:47:48.633333,AA,isolated,141.66951061826666,274.8158730865333,29.58268094135417,0.0043185437614697,274.8158730865333,10.63069825,356.5644659808792,1.1585943631016538,86.7295558979449,0.1329269695947453
770111-03-M2,770111-03-M2,1977-01-11 03:15:49.398454,AA,isolated,115.47747870174815,258.8074787017481,1.0188009080324074,0.0041249378551997,258.8074787017481,8.83307925,56.60866325808549,0.4673969466394789,113.40133379987064,0.0254781717864307
770112-05-M2,770112-05-M2,1977-01-12 05:09:09.632546,AA,isolated,106.9907625157926,249.6659531447407,2.09750732113426,0.0046221525977841,249.6659531447407,9.1766165,87.93645220085344,0.143000235564821,70.84549496810895,0.1436502864821336
770112-22-M1,770112-22-M1,1977-01-12 22:20:41.013854,AA,isolated,103.32484382871112,245.0914063811852,2.8138427529398147,0.0032903302110758,245.0914063811852,12.4889465,101.47969976609626,0.0422036463334966,116.09345550896076,0.0261643279140441
770114-06-M2,770114-06-M2,1977-01-14 06:45:21.150000,AA,isolated,98.29906,238.27906,4.164307291666667,0.0046786498217104,238.27906,6.4818035,25.644082258382745,0.1093838931908286,63.44778151981812,0.6397068999310718
770119-00-M1,770119-00-M1,1977-01-19 00:14:49.873357,AA,isolated,88.5168166910074,223.4536333820148,8.893111960150463,0.0055319228431124,223.4536333820148,8.62347025,53.30812748228167,0.077804722899597,53.612025616303605,2.629907576956435
770119-17-M1,770119-17-M1,1977-01-19 17:07:30.200000,AA,isolated,87.5666637037037,221.9033274074074,9.596356481481482,0.0030891868958637,221.9033274074074,6.231548500000001,356.8012886883433,0.149921230953813,110.06044004490418,0.2397344007158181
770125-08-M11,770125-08-M11,1977-01-25 08:18:07.200000,AA,isolated,226.1074133333333,223.31546666666668,15.228729166666666,0.0071729490180731,223.31546666666668,6.020664249999999,85.03798765615366,0.0994505691251704,101.58713796720497,0.9396200436279564
770125-11-M3,770125-11-M3,1977-01-25 11:25:35.497670,BB,isolated,238.78844940068643,226.6777103861185,15.358917797102622,0.0040475284710826,226.6777103861185,3.191157,115.2489821634858,3.329910946761065,60.516906371461445,2.8731935274449945
770125-11-M5,770125-11-M5,1977-01-25 11:41:54.106211,AA,isolated,239.79388792251848,226.9821663767556,15.370244284849536,0.0054127220521086,226.9821663767556,6.84183775,52.43197659659992,0.1236016279031459,41.19130656866648,1.1530703998493677
770125-21-M3,770125-21-M3,1977-01-25 21:47:02.906111,AA,isolated,270.41739990115553,239.12369995057776,15.79048502443287,0.0055392693037966,239.12369995057776,5.49285825,103.24198371232032,0.0008339731245707,39.57898076706802,0.1509928084690674
770126-03-M2,770126-03-M2,1977-01-26 03:36:22.976183,AA,isolated,284.0236155158518,246.6485096974073,16.033078428043982,0.0189912917112476,246.6485096974073,8.8864805,50.52845982517814,0.6289339868683309,77.42342059581372,0.222193204126664
770126-07-M4,770126-07-M4,1977-01-26 07:33:04.300000,BB,isolated,292.1410237037037,251.8482592592593,16.197445601851854,0.0032715447571659,251.8482592592593,3.2385493333333333,125.14107724709308,2.6170770290824605,127.95793980825395,13.366135973818489
770126-10-M4,770126-10-M4,1977-01-26 10:28:50.625000,AA,isolated,297.6950555555556,255.73430555555552,16.31950954861111,0.0068962130298922,255.73430555555552,4.4404770000000005,351.7695830020916,0.0735398136922582,43.66617279393729,0.2906973809096395
770126-10-M5,770126-10-M5,1977-01-26 10:38:55.081696,AA,isolated,298.0074497682963,255.9581784059259,16.326505575185188,0.0090774311838135,255.9581784059259,5.37244975,71.79797210893165,2.0360158888169257,48.36508083860603,0.0293142307072952
770126-10-M7,770126-10-M7,1977-01-26 10:53:48.450000,AA,isolated,298.4595155555556,256.28905555555554,16.336845486111113,0.0068021602843294,256.28905555555554,6.951361250000001,97.15428972948972,0.1129761992241707,81.69156961591798,0.2831502769430455
770126-12-M3,770126-12-M3,1977-01-26 12:15:17.567827,AA,isolated,300.89218231285923,258.0898399359259,16.393432497997686,0.0056901568308234,258.0898399359259,3.6369905,37.48026469297972,0.5743144529958988,80.54432972864113,0.2989392757485642
770126-13-N3,770126-13-N3,1977-01-26 13:53:14.575000,AA,isolated,303.73113185185184,260.25650925925925,16.46145341435185,0.0027356871835524,260.25650925925925,3.1248305000000003,41.14039537089583,1.094991483495405,135.7043173973371,0.0557409130160226
770126-18-M1,770126-18-M1,1977-01-26 18:41:10.866666,BB,isolated,311.5515575307209,266.6051358023457,16.6614104938233,0.0036583513424021,266.6051358023457,3.811905666666666,76.11030122935313,4.178362154248625,60.329518430208886,3.515921225399912
770127-23-N1,770127-23-N1,1977-01-27 23:29:18.800000,AA,isolated,346.8090133333334,301.94718222222224,17.861502314814814,0.0115453500965884,301.94718222222224,6.442773,110.88271214762428,0.0094010770716565,87.82067560299438,0.0277649832509923
770202-06-M1,770202-06-M1,1977-02-02 06:29:30.498523,AA,isolated,387.8713111767556,367.34,23.153304381053243,0.0068759391108428,367.34,14.0278925,108.9832835540836,0.0738587837455659,86.47032713988708,1.905916159444136
770205-00-M2,770205-00-M2,1977-02-05 00:16:00.534860,AA,isolated,356.86654780888887,351.0419286853333,25.89392980162037,0.0088083312926725,351.0419286853333,12.15961,83.64659359386665,1.1110624241678224,88.9218856653332,0.1300432235292525
770205-04-M1,770205-04-M1,1977-02-05 04:23:05.152241,AA,isolated,353.4783342836148,348.9614589272593,26.06551102130788,0.008407500515037,348.9614589272593,14.1136915,236.25363016194729,106.94469952260596,353.72345347090067,0.0279352381320931
770205-13-M2,770205-13-M2,1977-02-05 13:32:29.802663,AA,isolated,345.1400526232,343.86558771417776,26.44704632711805,0.0046835047722722,343.86558771417776,11.882569,356.86494547125284,0.3042948308178972,70.6830192143785,0.346973043313578
770208-02-M2,770208-02-M2,1977-02-08 02:07:01.441667,AA,isolated,235.23628271570368,292.08597456779256,28.97102363040509,0.0075432751745874,292.08597456779256,8.3283175,113.4439623177832,0.0073522658470754,66.27208687830921,2.486763989609356
770209-14-M1,770209-14-M1,1977-02-09 14:22:12.447737,AA,isolated,117.06593366859258,260.24874693487413,0.8956301821412037,0.012925053307984,260.24874693487413,8.4866505,75.87858389454905,0.940548098303444,119.98744456044864,2.824788690651205
770210-09-M3,770210-09-M3,1977-02-10 09:54:25.427149,AA,isolated,109.53973980897776,252.6597398089777,1.7096692957060189,0.0042530408122566,252.6597398089777,11.05671875,354.3575081784637,0.4743998920267541,96.02469144604098,0.538581331543998
770211-10-M1,770211-10-M1,1977-02-11 10:22:32.561988,AA,isolated,103.74651484515556,245.66651484515555,2.729196319305556,0.0039287504680651,245.66651484515555,11.54830025,215.031193716549,2.209424708924049,293.9256236467925,4.273723320642518
770211-21-M1,770211-21-M1,1977-02-11 21:32:16.808333,AA,isolated,101.73391962964445,243.0452261728593,3.194291763113426,0.0029187016282846,243.0452261728593,10.70484775,335.86550669671846,0.7845050525620682,182.1721798074264,0.6242417971791585
770216-10-M1,770216-10-M1,1977-02-16 10:53:16.303392,AA,isolated,90.24931402382222,226.32862804764443,7.75053591888889,0.0041642675587525,226.32862804764443,10.94064725,84.99685702693355,0.2883130903958967,94.77110086156252,0.0577617969756869
770216-18-M1,770216-18-M1,1977-02-16 18:40:24.866667,AA,isolated,89.72407604937777,225.49815209875555,8.074940586423612,0.0036245769740416,225.49815209875555,7.952637,57.1818228367009,0.2029383502727702,54.24372798312479,0.7055672277431042
770223-18-M2,770223-18-M2,1977-02-23 18:52:21.591667,AA,isolated,205.8165466672,219.4612156790963,15.083236014664353,0.0089019136529625,219.4612156790963,7.85051125,117.4557051527969,1.0900364785517882,90.88053084630994,2.820466456911892
770223-19-M14,770223-19-M14,1977-02-23 19:42:02.508333,AA,isolated,210.4410865427112,220.2226688888,15.117737364965278,0.0107695496239222,220.2226688888,4.594984,103.50627589981562,1.21617489858332,102.26120290798364,0.0186632808020205
770223-20-M14,770223-20-M14,1977-02-23 20:28:06.925000,AA,isolated,214.4775240740741,220.94984666666664,15.14973292824074,0.0051775921636866,220.94984666666664,4.820323999999999,94.73758467504088,0.1995068089104625,110.18657172589435,0.3027423181206871
770223-22-M3,770223-22-M3,1977-02-23 22:45:57.175000,AA,isolated,225.36697074074075,223.22942703703703,15.245453414351854,0.0061015002604349,223.22942703703703,4.508674249999999,359.4146876820054,0.0054149515397169,96.8591337509812,0.0415962006651479
770223-23-M3,770223-23-M3,1977-02-23 23:23:12.773809,AA,isolated,228.0640282180741,223.8687067017925,15.27132840056713,0.0066891432375102,223.8687067017925,8.26386175,89.21814662663503,0.0317391785278192,88.50010965012251,0.0054947503222237
770224-02-M1,770224-02-M1,1977-02-24 02:11:24.553390,BB,isolated,239.1497656878963,226.88297216588148,15.38813140498071,0.0041783814202005,226.88297216588148,1.788323,11.673429997270242,0.035321976667363,65.72868775946439,58.56488258577844
770224-09-M2,770224-09-M2,1977-02-24 09:25:20.084752,AA,isolated,262.1610282533926,235.3579548043852,15.689468573518518,0.0038739767117038,235.3579548043852,6.66224575,79.77599715729323,0.4199270435463365,92.52129051589873,0.1829098627783744
770226-03-M1,770226-03-M1,1977-02-26 03:48:32.750244,AA,isolated,335.2961889648,289.5093408202667,17.455587387083334,0.0056763071861212,289.5093408202667,14.7462595,85.82804315980611,0.1436249700429708,79.03725826362569,0.286863860261114
770226-12-M2,770226-12-M2,1977-02-26 12:29:24.200000,BB,isolated,344.40658962962965,299.5227259259259,17.817293981481484,0.0036336014475017,299.5227259259259,9.358391,71.37060131942557,1.3800747450640165,75.00083911861263,76.70342863217154
770227-18-M2,770227-18-M2,1977-02-27 18:26:48.443634,AA,isolated,367.8359455349333,328.5274319186667,19.065491245763887,0.0054471232826841,328.5274319186667,9.76717775,184.4296411214537,2.322936952412478,88.357324346097,1.207408454444459
770227-23-M4,770227-23-M4,1977-02-27 23:42:40.366667,BB,isolated,370.905980246963,332.69897037044444,19.284842206793986,0.0057107532051335,332.69897037044444,7.070975999999999,8.165304683798096,0.178225116436846,56.42044796642045,0.5426069275983789
770228-03-M2,770228-03-M2,1977-02-28 03:56:43.093203,BB,isolated,373.1741619559506,335.8558267383309,19.46126265280864,0.0074412157613742,335.8558267383309,8.990703666666667,144.65626633600095,175.46391649762273,277.90098367545187,79.87461183295244
770302-19-M1,770302-19-M1,1977-03-02 19:25:56.791713,BB,isolated,388.88,363.8391907428148,22.10656008927469,0.0044548592417425,363.8391907428148,13.759638333333331,77.3593078024602,1.0951951386175875,64.18972682454327,23.010675424293023
770302-19-M2,770302-19-M2,1977-03-02 19:58:14.368168,AA,isolated,388.87,363.93530525191113,22.12898574268518,0.0105587613265145,363.93530525191113,10.74591925,112.1256703780504,0.0155824854689559,102.51132574517868,0.0071544390388039
770306-13-M1,770306-13-M1,1977-03-06 13:11:34.581433,AA,isolated,356.25564857044446,350.2173891422666,25.84658080362269,0.008971392129971,350.2173891422666,11.55365775,105.28044026650517,0.0351503525666071,101.21413325142012,0.0303764596843051
770306-20-M1,770306-20-M1,1977-03-06 20:26:31.955758,AA,isolated,350.22598085736297,346.5374880358519,26.14863374719907,0.0048867750754274,346.5374880358519,5.2860555,117.9666901691134,0.0166119023886674,91.2696962177434,1.739640596717836
770308-09-M2,770308-09-M2,1977-03-08 09:29:50.025000,AA,isolated,306.13443333333333,321.1756977777777,27.69259288194445,0.0055370963822401,321.1756977777777,13.9516165,117.84232737196196,0.4273933605762414,145.10919232843196,0.2580871751903109
770308-19-M3,770308-19-M3,1977-03-08 19:55:46.191667,AA,isolated,287.49955135783705,311.8976822221333,28.12727073688657,0.0059443295563175,311.8976822221333,2.4771265,176.91417313787136,2.6220885518489045,61.19575667035326,0.2446289599812799
770309-03-M3,770309-03-M3,1977-03-09 03:30:45.682655,AA,isolated,270.8495448966667,304.500474511926,28.4432370677662,0.0057682692899816,304.500474511926,9.28554525,346.78291006776817,0.1349325919906135,293.98751804018724,1.6341798732174224
770310-02-M1,770310-02-M1,1977-03-10 02:04:20.195022,AA,isolated,179.71178884,278.95748621440003,29.383219849791665,0.0058946835986167,278.95748621440003,6.21003475,335.81126913170243,0.2754724359751124,146.33757353792703,0.9242697648288614
770310-16-M3,770310-16-M3,1977-03-10 16:43:46.177001,AA,isolated,124.54192579234072,265.6753637479852,0.4470622338078703,0.0066545867114351,265.6753637479852,9.152892,43.18538658180698,5.097491717832601,48.35319621951851,4.3881632890914855
770311-23-M2,770311-23-M2,1977-03-11 23:28:07.500000,AA,isolated,109.39999999999998,252.28,1.7278645833333337,0.0044271890300963,252.28,3.68835125,93.289804715986,0.097281216925079,86.59826650817541,0.0049064555475024
770312-09-M2,770312-09-M2,1977-03-12 09:51:32.436134,AA,isolated,106.64093065674076,249.0809306567408,2.1607920848842594,0.0047407969533016,249.0809306567408,13.39481425,70.30844399151603,1.3896620358840472,89.81225257294588,0.0620830865329311
770313-17-M1,770313-17-M1,1977-03-13 17:23:30.158118,AA,isolated,100.58732630586668,241.36976840782225,3.474654607847222,0.0032412800602039,241.36976840782225,8.51488175,356.7455524047177,0.0267098897178752,99.50281004404567,0.0606713329751716
770313-20-M1,770313-20-M1,1977-03-13 20:11:32.457558,AA,isolated,100.16614940568888,240.7922988113778,3.591347888402778,0.0050037511794383,240.7922988113778,13.150341,106.47445491280772,0.0117997733172432,85.98900386380684,0.1889264671222884
770314-03-M1,770314-03-M1,1977-03-14 03:37:51.444940,AA,isolated,99.08904689155555,239.32539585540744,3.90128987199074,0.0053546056449591,239.32539585540744,10.25068125,59.786134168264745,0.286986435598926,79.20084148209726,1.3718296458600217
770318-19-M1,770318-19-M1,1977-03-18 19:53:31.518394,AA,isolated,88.87908861638518,224.0990886163852,8.578837018449073,0.0041505002726327,224.0990886163852,6.24847025,62.87173425485577,0.7036811172306912,71.35206191827731,0.1573851874354857
770325-12-M5,770325-12-M5,1977-03-25 12:25:54.132256,AA,isolated,223.1810070703408,222.61745944983704,15.267987641851851,0.0283481317534684,222.61745944983704,8.0985555,200.7746002607977,120.65320692186042,98.94535006950365,2.071746395821815
770325-15-M1,770325-15-M1,1977-03-25 15:14:48.298075,AA,isolated,234.82751794666663,225.54319942962965,15.385281227719908,0.0280971489555185,225.54319942962965,8.37219475,109.5674925457444,0.0040585550913109,102.39264178809334,0.3676547790100061
770325-23-M3,770325-23-M3,1977-03-25 23:26:06.938506,AA,isolated,261.3037896638815,234.9472531205629,15.726469195671298,0.0040085317671464,234.9472531205629,7.837926000000001,133.81518898631288,4.811982422389502,348.4497555124642,0.3131682665365461
770326-02-M2,770326-02-M2,1977-03-26 02:33:33.133333,BB,isolated,269.48507061705186,238.77928987642963,15.856633487650464,0.0029902425119376,238.77928987642963,9.215307,117.57267630412444,0.1118620684668498,25.54543867907976,0.2455958065146549
770326-02-M3,770326-02-M3,1977-03-26 02:45:47.454980,AA,isolated,269.9963760601481,239.03687288177773,15.865132580787035,0.0055181679210327,239.03687288177773,3.4542525,118.15509119648628,0.0171154534285247,96.73856181503228,0.1155250291545616
770326-04-M1,770326-04-M1,1977-03-26 04:23:05.941116,AA,isolated,273.92396074399994,241.06277906346665,15.932707651805556,0.013309591705402,241.06277906346665,7.274405499999999,52.19102997781342,0.5906115291496989,53.78135688759787,0.7236607156748429
770326-08-M1,770326-08-M1,1977-03-26 08:38:56.587196,AA,isolated,283.45002815768885,246.49078655857767,16.11037716662037,0.0177017097663092,246.49078655857767,6.45748375,98.82919853386689,0.0098467075016329,86.90668811615781,0.1646893177842449
770326-11-M1,770326-11-M1,1977-03-26 11:03:17.786892,AA,isolated,288.38468002808884,249.59032422826667,16.210622533472222,0.0093517822084489,249.59032422826667,14.78222875,106.51758629385128,0.0183606350576077,94.78950375013474,0.0731496329566894
770326-12-M5,770326-12-M5,1977-03-26 12:55:58.296157,AA,isolated,292.0410912837333,252.02406085582223,16.288869168483796,0.0074222580916186,252.02406085582223,4.90688875,83.48044292988831,2.4595570733117254,84.61230606868826,0.6031849322845317
770326-13-M2,770326-13-M2,1977-03-26 13:10:22.213677,AA,isolated,292.49929598066666,252.33378284333327,16.298868213854167,0.0069284163891517,252.33378284333327,8.10952475,78.93440877057975,0.0557060730959961,89.38976453376893,0.4127825459065904
770326-13-M3,770326-13-M3,1977-03-26 13:14:56.700000,AA,isolated,292.6416222222222,252.43544444444447,16.30204513888889,0.0091037419979284,252.43544444444447,3.21326625,236.3447470377496,106.14313375230458,92.96109693841834,0.1874800492058863
770326-15-M4,770326-15-M4,1977-03-26 15:48:00.025000,AA,isolated,297.3306792592593,255.746675925926,16.408333622685184,0.0083822646246712,255.746675925926,7.5987255,236.75501235402243,107.78016945797296,65.89538645438994,0.4643988511291938
770326-17-M2,770326-17-M2,1977-03-26 17:10:16.825000,AA,isolated,299.75155888888884,257.5293155555555,16.465472511574077,0.0058018194972856,257.5293155555555,13.68563025,110.24812376628329,0.1457451596785132,38.983328740690304,0.3284495903080832
770326-18-M7,770326-18-M7,1977-03-26 18:55:21.978904,AA,isolated,302.7356495707259,259.8011480547556,16.53844882990741,0.0064019893979738,259.8011480547556,9.325426,56.88447859344285,1.262562927294118,61.76580104555249,1.3509921902952209
770326-19-M3,770326-19-M3,1977-03-26 19:36:50.425000,AA,isolated,303.8884914814815,260.7020092592593,16.567250289351854,0.0052463435550975,260.7020092592593,5.16088525,89.0336475999176,0.07764936409294,101.64072748465864,0.0159430979172448
770326-22-M3,770326-22-M3,1977-03-26 22:22:19.076237,AA,isolated,308.3219734944148,264.2692874951852,16.682165234224538,0.0078974967048307,264.2692874951852,9.802467,95.56520199750284,0.095769127863596,99.27073322001972,0.0590147044220983
770327-00-M1,770327-00-M1,1977-03-27 00:11:56.647092,AA,isolated,311.1372758307556,266.6248078549333,16.758294526527777,0.0055616933981127,266.6248078549333,13.6509365,161.8401699146926,178.08166297344673,78.79122568736503,0.6366527828255876
770327-04-M1,770327-04-M1,1977-03-27 04:15:21.234827,BB,isolated,317.04151267410367,271.8005689040148,16.92732910679398,0.004697258663265,271.8005689040148,7.022676666666666,351.3236214283845,0.0739122797401066,289.86232112940235,0.1828042517659168
770404-05-M7,770404-05-M7,1977-04-04 05:52:47.926516,AA,isolated,368.0004119751704,356.4784065319112,24.99499914949073,0.0134809135904629,356.4784065319112,12.84481375,112.30918281764323,0.0107390328174273,95.44759294089997,0.0874191699796472
770404-07-M3,770404-07-M3,1977-04-04 07:52:41.258333,AA,isolated,366.8481653086964,355.8188324691704,25.078255304780093,0.0030029499121835,355.8188324691704,9.57712675,56.24415325145541,0.6544582293179788,67.89805531890485,0.6565079455719394
770404-23-M1,770404-23-M1,1977-04-04 23:14:40.903198,AA,isolated,356.59396081819256,349.7122633246815,25.71852897219908,0.0039171746039389,349.7122633246815,10.89804525,31.02074522297944,0.2938712010942071,76.49161465888052,0.3462242976285329
770405-01-M1,770405-01-M1,1977-04-05 01:20:25.840353,AA,isolated,354.99759103266666,348.73655461960004,25.80585463371528,0.0088103236939904,348.73655461960004,9.1563785,106.95979738372534,0.0231625275788645,98.25601641262608,0.0745156376542022
770406-18-M2,770406-18-M2,1977-04-06 18:20:22.751102,AA,isolated,310.53278472805926,322.8582775328889,27.5141522118287,0.0047608920934314,322.8582775328889,5.88324925,122.76164025964992,0.3568863702756455,123.65985914313876,0.1975744246506484
770407-00-M3,770407-00-M3,1977-04-07 00:41:18.250000,AA,isolated,300.4751259259259,317.60256296296296,27.77868344907408,0.0049712797042306,317.60256296296296,13.677722,113.44982423992909,0.6260943610021853,159.2924800479146,5.407527867153617
770407-02-M3,770407-02-M3,1977-04-07 02:58:01.550000,AA,isolated,296.54790888888886,315.6280770370371,27.873629050925924,0.004798846740338,315.6280770370371,3.33137825,120.74337013623708,0.0466604104345358,80.32785746232372,0.302337390164309
770407-06-N1,770407-06-N1,1977-04-07 06:24:19.150000,CC,isolated,290.2617866666667,312.5525103703704,28.016888310185188,0.0040422496905903,312.5525103703704,11.192688,-1.0,-1.0,-1.0,-1.0
770407-12-M2,770407-12-M2,1977-04-07 12:44:32.300000,AA,isolated,277.2968251851852,306.5973866666667,28.28092939814815,0.0040378492979032,306.5973866666667,4.77823225,120.7640215881991,2.484489518574486,90.70021213722636,1.0300482567102356
770407-13-N2,770407-13-N2,1977-04-07 13:37:42.600000,AA,isolated,275.31530666666674,305.7297866666667,28.317854166666667,0.0039302659826426,305.7297866666667,6.355783249999999,116.96887881776313,1.1900733485698756,303.33336734123696,0.8300980731792291
770407-18-M2,770407-18-M2,1977-04-07 18:10:10.213926,AA,isolated,264.37607009706664,301.17919587377776,28.507062661180555,0.006953652818383,301.17919587377776,9.98316425,74.60462944814871,2.426851301039942,78.76910774162602,0.3644304741774835
770407-19-M2,770407-19-M2,1977-04-07 19:13:25.633192,AA,isolated,261.62183664580743,300.09989584225184,28.550991124907405,0.0039494340753022,300.09989584225184,7.7487255,151.8492694545115,0.3688665686954367,78.8827471106671,0.1800362889491587
770408-00-M1,770408-00-M1,1977-04-08 00:30:13.621683,AA,isolated,246.26789183733337,294.48576214306667,28.77099099170139,0.0060548427442816,294.48576214306667,10.250426,73.89589931888786,0.173847161437857,91.0258226268955,0.6956310225499228
770408-02-M2,770408-02-M2,1977-04-08 02:48:06.150000,AA,isolated,238.56798666666668,291.9520866666667,28.866737847222225,0.0053244051158199,291.9520866666667,11.560460249999998,342.3027526615193,2.1041514415832605,141.22786343341392,0.2318709057063052
770408-14-M4,770408-14-M4,1977-04-08 14:55:59.090282,AA,isolated,175.9632000931852,277.62208775576295,29.372211693078704,0.0056728368352566,277.62208775576295,7.767858,66.95701229660513,2.758576342884872,113.69006419625498,0.0128243038354931
770409-05-M3,770409-05-M3,1977-04-09 05:57:37.641667,AA,isolated,123.63374419745186,264.50319913574816,0.4749148341087963,0.0060253732231115,264.50319913574816,11.58409975,90.87157287326018,0.1173307422018442,91.89653451468462,0.1059557430741152
770409-18-M1,770409-18-M1,1977-04-09 18:29:38.457024,AA,isolated,115.64287239680002,258.21921990826667,0.9971464933333334,0.0051860211502087,258.21921990826667,10.392178,111.15652144855449,0.0026286326286982,65.97636113915527,0.3335289547472994
770410-22-M4,770410-22-M4,1977-04-10 22:41:45.375960,AA,isolated,106.3577499288889,248.3877499288889,2.172226573611112,0.0053768418273092,248.3877499288889,8.367518,99.86290487012045,0.0718854731892421,80.89327969051438,0.1673034648252573
770411-10-N1,770411-10-N1,1977-04-11 10:11:18.775000,AA,isolated,103.85644296296296,245.3230537037037,2.6510853587962964,0.0023056668616429,245.3230537037037,7.7096945,332.3192374155314,3.3165925884915444,190.6195459267705,151.0676688154206
770411-22-M3,770411-22-M3,1977-04-11 22:38:12.966067,AA,isolated,101.5780903970222,242.39078719602963,3.169768125775464,0.0110288244477118,242.39078719602963,9.01182075,54.68753685314971,0.2623299788486797,93.42442670762516,1.535571346756476
770413-00-M1,770413-00-M1,1977-04-13 00:21:13.170763,AA,isolated,97.81227642183704,237.2934146327556,4.241298272719908,0.0038465295270487,237.2934146327556,7.46692275,110.12271998524254,0.0347686751675789,97.03731471003864,0.0956106357255056
770413-05-M1,770413-05-M1,1977-04-13 05:39:01.379821,AA,isolated,97.14729244974816,236.3659386746222,4.46199513681713,0.0080457053346278,236.3659386746222,7.1199840000000005,85.69682349794783,0.0347611513664366,49.64225962064806,0.0736437925168497
770418-01-M1,770418-01-M1,1977-04-18 01:11:09.108931,AA,isolated,87.73350788352593,222.133507883526,9.275973482997683,0.0042103837511308,222.133507883526,7.57432075,102.88730908752228,0.1474083616543072,99.48554402454528,0.2398530108887896
770424-02-M6,770424-02-M6,1977-04-24 02:44:01.263096,AA,isolated,227.36212624426665,223.3301333159112,15.340466008055555,0.0065368801123156,223.3301333159112,8.195664,92.89922655692858,0.0657707274201725,107.5139399635556,0.0392883334464449
770424-14-M2,770424-14-M2,1977-04-24 14:55:47.200000,BB,isolated,266.5139762962963,237.1738607407408,15.848636574074073,0.0050736113814437,237.1738607407408,7.667915000000001,106.3488361633846,0.5861527693089512,78.50091580456653,1.0382296034857466
770424-22-M1,770424-22-M1,1977-04-24 22:24:58.166667,BB,isolated,283.6456074074074,246.52268148148144,16.160569058641975,0.0026368171590344,246.52268148148144,1.4217693333333334,12.664789475774668,0.527370982928898,65.4838146063818,70.80919317885188
