evid,evid_ref,geophone,mod_arrival_time,corr_coeffs,dt_values,minfreq,maxfreq,grade,grade_new,isol_or_rpt,num_per_family,emergence_s,picktime_SNR,Regolith_Temp_K,Rock_Temp_K,interval_day_number,diurnal_interval,duration_s,PGV,theta_mean_lag_deg,theta_sd_lag_deg,theta_mean_snr_deg,theta_sd_snr_deg,possible_source
770110-06-M2,770110-06-M2,3,1977-01-10 06:20:55.629980,1.0,0.0,3,35,A,BB,isolated,1,3.211225,1977-01-10 06:20:55.629980,131.80495185925926,270.6009711155555,0.1473452543981481,night6,35.00000012975184,0.0128220264521097,192.64439418953447,44.74559713421997,217.25704979949813,70.69728224643889,unclear
770110-06-M2,770110-06-M2,4,1977-01-10 06:20:58.729980,1.0,0.0,3,35,A,BB,isolated,1,1.12313,1977-01-10 06:20:58.729980,131.80380371111113,270.60028222666665,0.1473811340277777,night6,27.700000129751736,0.0037294115072551,192.64439418953447,44.74559713421997,217.25704979949813,70.69728224643889,unclear
770110-06-M2,770110-06-M2,1,1977-01-10 06:20:59.129980,1.0,0.0,3,35,A,BB,isolated,1,2.100681,1977-01-10 06:20:59.129980,131.80365556296297,270.60019333777774,0.1473857636574074,night6,27.90000012975174,0.0031799954609674,192.64439418953447,44.74559713421997,217.25704979949813,70.69728224643889,unclear
770409-03-M2,770409-03-M2,3,1977-04-09 03:14:29.100000,1.0,0.0,3,35,B,DD,isolated,1,1.393198,1977-04-09 03:14:29.100000,126.16536444444444,266.1754933333333,0.3616215277777778,night9,22.900000129751668,0.0162723991996104,-1.0,-1.0,-1.0,-1.0,unclear
761112-06-M1,761112-06-M1,3,1976-11-12 06:21:39.457109,1.0,0.0,3,35,A,AA,isolated,1,2.236055,1976-11-12 06:21:39.457109,125.22272932069627,265.6389854028444,0.3744150128356481,night4,21.300000129751645,0.0156771480550167,197.7972548869606,4.100673225310791,149.38225228230823,28.962871105866743,unclear
761112-06-M1,761112-06-M1,4,1976-11-12 06:21:41.157109,1.0,0.0,3,35,A,AA,isolated,1,1.411906,1976-11-12 06:21:41.157109,125.22230117254814,265.6386831806222,0.3744346887615741,night4,19.60000012975162,0.0042101595524807,197.7972548869606,4.100673225310791,149.38225228230823,28.962871105866743,unclear
761112-06-M1,761112-06-M1,1,1976-11-12 06:21:41.757109,1.0,0.0,3,35,A,AA,isolated,1,9.434355,1976-11-12 06:21:41.757109,125.22215006143703,265.6385765139556,0.3744416332060185,night4,22.600000129751663,0.0036138811004779,197.7972548869606,4.100673225310791,149.38225228230823,28.962871105866743,unclear
761112-06-M1,761112-06-M1,2,1976-11-12 06:21:41.757109,1.0,0.0,3,35,A,AA,isolated,1,5.242178,1976-11-12 06:21:41.757109,125.22215006143703,265.6385765139556,0.3744416332060185,night4,29.700000129751764,0.0027834491289743,197.7972548869606,4.100673225310791,149.38225228230823,28.962871105866743,unclear
760815-17-N2,760815-17-N2,3,1976-08-15 17:43:44.100000,1.0,0.0,3,35,D,DD,isolated,1,0.682314,1976-08-15 17:43:44.100000,117.27578222222222,250.5590355555556,0.4574548611111111,night1,12.90000012975158,0.0108419566150924,-1.0,-1.0,-1.0,-1.0,unclear
761212-00-M2,761212-00-M2,3,1976-12-12 00:25:11.633333,1.0,0.0,3,35,B,DD,isolated,1,1.024831,1976-12-12 00:25:11.633333,122.52647604945186,264.34365975314074,0.5253082561689815,night5,22.00000012975165,0.0085710552655901,-1.0,-1.0,-1.0,-1.0,unclear
760815-21-M1,760815-21-M1,3,1976-08-15 21:41:06.566667,1.0,0.0,3,35,B,AA,isolated,1,1.702042,1976-08-15 21:41:06.566667,114.0984158024,248.324582716,0.6222982253125,night1,48.90000012975204,0.0251018594867917,107.5313144168614,0.7546696484418517,103.83911261743518,32.98707555182081,unclear
760815-21-M1,760815-21-M1,1,1976-08-15 21:41:08.166667,1.0,0.0,3,35,B,AA,isolated,1,1.462586,1976-08-15 21:41:08.166667,114.09808395054814,248.3243456789629,0.6223167438310185,night1,41.50000012975193,0.008669383970684,107.5313144168614,0.7546696484418517,103.83911261743518,32.98707555182081,unclear
760815-21-M1,760815-21-M1,4,1976-08-15 21:41:08.266667,1.0,0.0,3,35,B,AA,isolated,1,3.360885,1976-08-15 21:41:08.266667,114.0980632098074,248.32433086414807,0.622317901238426,night1,74.30000012975167,0.0063842810528035,107.5313144168614,0.7546696484418517,103.83911261743518,32.98707555182081,unclear
760815-21-M1,760815-21-M1,2,1976-08-15 21:41:08.566667,1.0,0.0,3,35,B,AA,isolated,1,4.404423,1976-08-15 21:41:08.566667,114.09800098758518,248.3242864197037,0.6223213734606481,night1,36.30000012975186,0.0051177740948594,107.5313144168614,0.7546696484418517,103.83911261743518,32.98707555182081,unclear
770310-21-N1,770310-21-N1,2,1977-03-10 21:36:20.200000,1.0,0.0,3,35,D,AA,isolated,1,3.631633,1977-03-10 21:36:20.200000,120.69010962962965,262.9270074074074,0.6502337962962963,night8,80.8000001297513,0.003338331678729,80.9388761931941,137.5300103235395,278.237802739936,0.0407999691431949,unclear
770310-21-N1,770310-21-N1,3,1977-03-10 21:36:22.000000,1.0,0.0,3,35,D,AA,isolated,1,1.142858,1977-03-10 21:36:22.000000,120.68976296296296,262.92674074074074,0.6502546296296297,night8,50.200000129752055,0.0079071208899578,80.9388761931941,137.5300103235395,278.237802739936,0.0407999691431949,unclear
770310-21-N1,770310-21-N1,4,1977-03-10 21:36:22.500000,1.0,0.0,3,35,D,AA,isolated,1,3.508504,1977-03-10 21:36:22.500000,120.68966666666668,262.9266666666667,0.6502604166666667,night8,160.1000001297468,0.0033672811101305,80.9388761931941,137.5300103235395,278.237802739936,0.0407999691431949,unclear
770310-21-N1,770310-21-N1,1,1977-03-10 21:36:23.100000,1.0,0.0,3,35,D,AA,isolated,1,0.884695,1977-03-10 21:36:23.100000,120.68955111111111,262.92657777777777,0.650267361111111,night8,84.90000012975106,0.0047005687091897,80.9388761931941,137.5300103235395,278.237802739936,0.0407999691431949,unclear
770310-23-M4,770310-23-M4,3,1977-03-10 23:53:46.600000,1.0,0.0,3,35,C,AA,repeating,3,0.954422,1977-03-10 23:53:46.600000,119.19085037037036,261.7453185185185,0.7456782407407407,night8,47.80000012975202,0.0369541894686217,154.62704167957617,8.995932217196978,97.35028352612036,1.1205519288280965,unclear
770310-23-M4,770310-23-M4,1,1977-03-10 23:53:47.100000,1.0,0.0,3,35,C,AA,repeating,3,2.010545,1977-03-10 23:53:47.100000,119.19076888888888,261.74524444444444,0.7456840277777778,night8,63.40000012975224,0.0097746606720962,154.62704167957617,8.995932217196978,97.35028352612036,1.1205519288280965,unclear
770310-23-M4,770310-23-M4,4,1977-03-10 23:53:47.300000,1.0,0.0,3,35,C,AA,repeating,3,1.461906,1977-03-10 23:53:47.300000,119.1907362962963,261.7452148148148,0.7456863425925926,night8,227.100000129743,0.0074468211564197,154.62704167957617,8.995932217196978,97.35028352612036,1.1205519288280965,unclear
770310-23-M4,770310-23-M4,2,1977-03-10 23:53:47.800000,1.0,0.0,3,35,C,AA,repeating,3,1.761225,1977-03-10 23:53:47.800000,119.1906548148148,261.74514074074074,0.7456921296296297,night8,204.1000001297443,0.004391748208068,154.62704167957617,8.995932217196978,97.35028352612036,1.1205519288280965,unclear
770209-10-M4,770310-23-M4,3,1977-02-09 10:55:07.498299,0.9003386327718309,-1.9982993197278915,3,35,B,AA,repeating,3,2.94898,1977-02-09 10:55:05.500000,119.00235555555555,261.89696296296296,0.7517997685185185,night7,69.50000012975194,0.033789578920787,121.75487517731015,0.6110959736890165,159.24173769585937,0.5799525001603985,unclear
770209-10-M4,770310-23-M4,4,1977-02-09 10:55:08.194558,0.8562107117787559,-1.394557823129252,3,35,B,AA,repeating,3,2.84796,1977-02-09 10:55:06.800000,119.00212444444443,261.8967703703704,0.7518148148148148,night7,75.60000012975159,0.0073320923213812,121.75487517731015,0.6110959736890165,159.24173769585937,0.5799525001603985,unclear
770209-10-M4,770310-23-M4,1,1977-02-09 10:55:07.987415,0.8726435527087022,0.2125850340136054,3,35,B,AA,repeating,3,1.686055,1977-02-09 10:55:08.200000,119.00187555555556,261.89656296296295,0.7518310185185185,night7,26.10000012975172,0.0082266963079716,121.75487517731015,0.6110959736890165,159.24173769585937,0.5799525001603985,unclear
770209-10-M4,770310-23-M4,2,1977-02-09 10:55:08.693537,0.8188821314226261,-0.0935374149659864,3,35,B,AA,repeating,3,3.309865,1977-02-09 10:55:08.600000,119.00180444444445,261.89650370370373,0.7518356481481482,night7,44.40000012975197,0.0054227639635466,121.75487517731015,0.6110959736890165,159.24173769585937,0.5799525001603985,unclear
761113-00-N1,770310-23-M4,3,1976-11-13 00:57:18.241156,0.9050583768320936,-1.641156462585034,3,35,D,AA,repeating,3,2.263946,1976-11-13 00:57:16.600000,113.85269925925924,256.45269925925925,1.149150462962963,night4,48.60000012975203,0.0237394277195973,124.4963382717342,0.4255213924528071,158.28697155578388,121.2652737408626,unclear
761113-00-N1,770310-23-M4,1,1976-11-13 00:57:18.746939,0.814677112220073,0.1530612244897959,3,35,D,AA,repeating,3,1.860205,1976-11-13 00:57:18.900000,113.85242666666667,256.45242666666667,1.1491770833333332,night4,31.60000012975179,0.0060987039961244,124.4963382717342,0.4255213924528071,158.28697155578388,121.2652737408626,unclear
761113-00-N1,770310-23-M4,2,1976-11-13 00:57:19.448639,0.7628089412481606,-0.348639455782313,3,35,D,AA,repeating,3,8.241838,1976-11-13 00:57:19.100000,113.85240296296296,256.45240296296294,1.1491793981481482,night4,47.20000012975201,0.0026562111206421,124.4963382717342,0.4255213924528071,158.28697155578388,121.2652737408626,unclear
761113-00-N1,770310-23-M4,4,1976-11-13 00:57:18.951361,0.7967394317967322,0.348639455782313,3,35,D,AA,repeating,3,0.839457,1976-11-13 00:57:19.300000,113.85237925925928,256.45237925925926,1.149181712962963,night4,29.700000129751764,0.0040778979344717,124.4963382717342,0.4255213924528071,158.28697155578388,121.2652737408626,unclear
760916-04-N1,760916-04-N1,3,1976-09-16 04:52:02.800000,1.0,0.0,3,35,D,BB,isolated,1,3.274831,1976-09-16 04:52:02.800000,104.60161185185184,244.56201481481483,2.429372685185185,night2,33.70000012975182,0.0062632923588182,230.32054732852544,90.07209977968375,132.54114603492516,16.72975045911427,unclear
760916-04-N1,760916-04-N1,1,1976-09-16 04:52:04.100000,1.0,0.0,3,35,D,BB,isolated,1,1.626191,1976-09-16 04:52:04.100000,104.6015348148148,244.56191851851847,2.4293877314814813,night2,476.6000001297915,0.0031045540754822,230.32054732852544,90.07209977968375,132.54114603492516,16.72975045911427,unclear
760916-04-N1,760916-04-N1,2,1976-09-16 04:52:05.300000,1.0,0.0,3,35,D,BB,isolated,1,0.375171,1976-09-16 04:52:05.300000,104.6014637037037,244.56182962962964,2.42940162037037,night2,22.800000129751663,0.0034835846263332,230.32054732852544,90.07209977968375,132.54114603492516,16.72975045911427,unclear
770215-02-N1,770215-02-N1,2,1977-02-15 02:55:42.400000,1.0,0.0,3,35,D,AA,isolated,1,3.729252,1977-02-15 02:55:42.400000,92.6776325925926,230.0914488888889,6.418893518518519,night7,30.80000012975178,0.0070333639790324,337.1983410623505,1.3984714607430442,334.72588502780457,1.5045387427197192,unclear
770215-02-N1,770215-02-N1,3,1977-02-15 02:55:42.500000,1.0,0.0,3,35,D,AA,isolated,1,1.469388,1977-02-15 02:55:42.500000,92.67762962962964,230.09144444444445,6.418894675925926,night7,33.50000012975182,0.0116038987901052,337.1983410623505,1.3984714607430442,334.72588502780457,1.5045387427197192,unclear
770215-02-N1,770215-02-N1,1,1977-02-15 02:55:43.000000,1.0,0.0,3,35,D,AA,isolated,1,1.785715,1977-02-15 02:55:43.000000,92.67761481481482,230.09142222222223,6.418900462962963,night7,42.400000129751945,0.0064760471134151,337.1983410623505,1.3984714607430442,334.72588502780457,1.5045387427197192,unclear
770215-02-N1,770215-02-N1,4,1977-02-15 02:55:44.100000,1.0,0.0,3,35,D,AA,isolated,1,4.707824,1977-02-15 02:55:44.100000,92.67758222222224,230.0913733333333,6.418913194444444,night7,27.40000012975173,0.0040069965402527,337.1983410623505,1.3984714607430442,334.72588502780457,1.5045387427197192,unclear
770124-19-M1,761028-01-M1,3,1977-01-24 19:25:26.874125,0.9135926781544652,0.0085034013605442,3,35,A,AA,repeating,2,0.925511,1977-01-24 19:25:26.882628,108.21684805368888,213.42572290026663,14.692151419305556,sunrise6,65.0000001297522,0.010750302039822,348.5588884485321,0.3203632597979628,351.0931033444072,0.1662456334896175,R2
770124-19-M1,761028-01-M1,1,1977-01-24 19:25:27.080587,0.9175120529575036,0.1020408163265306,3,35,A,AA,repeating,2,2.691838,1977-01-24 19:25:27.182628,108.21888360924444,213.4257495669333,14.692154891527776,sunrise6,51.70000012975208,0.0088421601962783,348.5588884485321,0.3203632597979628,351.0931033444072,0.1662456334896175,R2
770124-19-M1,761028-01-M1,2,1977-01-24 19:25:27.276165,0.8987753573500943,-0.0935374149659864,3,35,A,AA,repeating,2,1.69694,1977-01-24 19:25:27.182628,108.21888360924444,213.4257495669333,14.692154891527776,sunrise6,49.60000012975205,0.0070850127888645,348.5588884485321,0.3203632597979628,351.0931033444072,0.1662456334896175,R2
770124-19-M1,761028-01-M1,4,1977-01-24 19:25:28.380587,0.8651304414381068,0.1020408163265306,3,35,A,AA,repeating,2,3.942858,1977-01-24 19:25:28.482628,108.22770434998516,213.4258651224889,14.692169937824074,sunrise6,75.70000012975159,0.0042366491817571,348.5588884485321,0.3203632597979628,351.0931033444072,0.1662456334896175,R2
761028-01-M1,761028-01-M1,3,1976-10-28 01:02:47.307639,1.0,0.0,3,35,A,AA,repeating,2,0.936055,1976-10-28 01:02:47.307639,96.97940137928887,212.11324786008888,14.73110309767361,sunrise3,52.40000012975209,0.0113043528546792,347.7390971444253,0.3457998423049154,357.41496586685327,0.4386274167609542,R2
761028-01-M1,761028-01-M1,1,1976-10-28 01:02:47.507639,1.0,0.0,3,35,A,AA,repeating,2,2.785375,1976-10-28 01:02:47.507639,96.9806398978074,212.1132597119408,14.731105412488423,sunrise3,48.100000129752026,0.0088807987444134,347.7390971444253,0.3457998423049154,357.41496586685327,0.4386274167609542,R2
761028-01-M1,761028-01-M1,2,1976-10-28 01:02:47.707639,1.0,0.0,3,35,A,AA,repeating,2,5.842178,1976-10-28 01:02:47.707639,96.98187841632593,212.11327156379247,14.73110772730324,sunrise3,67.00000012975208,0.0079990331023948,347.7390971444253,0.3457998423049154,357.41496586685327,0.4386274167609542,R2
761028-01-M1,761028-01-M1,4,1976-10-28 01:02:48.807639,1.0,0.0,3,35,A,AA,repeating,2,5.907144,1976-10-28 01:02:48.807639,96.98869026817778,212.1133367489778,14.731120458784725,sunrise3,49.10000012975204,0.0043147457684544,347.7390971444253,0.3457998423049154,357.41496586685327,0.4386274167609542,R2
770223-19-N2,770223-19-N2,2,1977-02-23 19:17:27.200000,1.0,0.0,3,35,D,AA,isolated,1,5.104423,1977-02-23 19:17:27.200000,208.1889777777777,219.84040592592595,15.100662037037036,sunrise7,28.90000012975176,0.0102272549029864,349.08353257338047,0.2797686427818561,341.1185523744522,0.7824258884069741,R2
770223-19-N2,770223-19-N2,3,1977-02-23 19:17:27.300000,1.0,0.0,3,35,D,AA,isolated,1,2.419389,1977-02-23 19:17:27.300000,208.18913333333333,219.84043111111112,15.100663194444444,sunrise7,44.00000012975197,0.0136430734729981,349.08353257338047,0.2797686427818561,341.1185523744522,0.7824258884069741,R2
770223-19-N2,770223-19-N2,1,1977-02-23 19:17:27.600000,1.0,0.0,3,35,D,AA,isolated,1,3.352382,1977-02-23 19:17:27.600000,208.1896,219.84050666666667,15.100666666666667,sunrise7,26.900000129751724,0.0102914473590117,349.08353257338047,0.2797686427818561,341.1185523744522,0.7824258884069741,R2
770223-19-N2,770223-19-N2,4,1977-02-23 19:17:29.200000,1.0,0.0,3,35,D,AA,isolated,1,5.893538,1977-02-23 19:17:29.200000,208.1920888888889,219.84090962962964,15.100685185185185,sunrise7,36.20000012975186,0.0039870294914987,349.08353257338047,0.2797686427818561,341.1185523744522,0.7824258884069741,R2
770423-21-M6,770423-21-M6,3,1977-04-23 21:30:20.960076,1.0,0.0,3,35,A,BB,isolated,1,3.578572,1977-04-23 21:30:20.960076,201.53144486684445,218.39163498097776,15.122638426805556,sunrise9,29.30000012975176,0.0167218518766752,356.71495555081344,0.1007080123729048,208.8785315490374,119.29524939710684,R2
770423-21-M6,770423-21-M6,1,1977-04-23 21:30:21.860076,1.0,0.0,3,35,A,BB,isolated,1,3.231294,1977-04-23 21:30:21.860076,201.53293820017777,218.39184831431112,15.122648843472222,sunrise9,23.70000012975168,0.008737718936031,356.71495555081344,0.1007080123729048,208.8785315490374,119.29524939710684,R2
770423-21-M6,770423-21-M6,2,1977-04-23 21:30:21.960076,1.0,0.0,3,35,A,BB,isolated,1,4.610885,1977-04-23 21:30:21.960076,201.5331041261037,218.3918720180148,15.12265000087963,sunrise9,24.700000129751693,0.0075638699623241,356.71495555081344,0.1007080123729048,208.8785315490374,119.29524939710684,R2
761127-10-M3,761127-10-M3,3,1976-11-27 10:48:24.600744,1.0,0.0,3,35,A,AA,isolated,1,1.874491,1976-11-27 10:48:24.600744,252.31550287253333,230.63001802026668,15.559659730833332,sunrise4,58.700000129752176,0.0271019134058862,130.85359390545818,1.067048660451463,200.55201174242933,4.094433485934038,geophone_rock
761127-10-M3,761127-10-M3,4,1976-11-27 10:48:25.800744,1.0,0.0,3,35,A,AA,isolated,1,3.92279,1976-11-27 10:48:25.800744,252.31655176142223,230.6304091313777,15.55967361972222,sunrise4,49.90000012975205,0.0092280628028014,130.85359390545818,1.067048660451463,200.55201174242933,4.094433485934038,geophone_rock
761127-10-M3,761127-10-M3,2,1976-11-27 10:48:26.300744,1.0,0.0,3,35,A,AA,isolated,1,3.516327,1976-11-27 10:48:26.300744,252.31698879845925,230.63057209434075,15.559679406759258,sunrise4,45.60000012975199,0.0066538273161764,130.85359390545818,1.067048660451463,200.55201174242933,4.094433485934038,geophone_rock
761127-10-M3,761127-10-M3,1,1976-11-27 10:48:26.800744,1.0,0.0,3,35,A,AA,isolated,1,0.643878,1976-11-27 10:48:26.800744,252.3174258354963,230.63073505730367,15.559685193796296,sunrise4,35.50000012975185,0.0048802403343695,130.85359390545818,1.067048660451463,200.55201174242933,4.094433485934038,geophone_rock
770125-16-M1,761028-23-M3,1,1977-01-25 16:17:45.072149,0.8427731078096857,-2.023809523809524,3,35,A,AA,repeating,6,4.039797,1977-01-25 16:17:43.048339,255.1876852640445,232.32889054514072,15.561782966886572,sunrise6,243.70000012974205,0.0053024664191787,154.30666390563653,2.1768909701876686,66.35964244154712,0.8393910114338972,geophone_rock
770125-16-M1,761028-23-M3,3,1977-01-25 16:17:44.271808,0.9101217851725704,0.0765306122448979,3,35,A,AA,repeating,6,0.996599,1977-01-25 16:17:44.348339,255.18878304182223,232.3293335081037,15.561798013182871,sunrise6,31.300000129751787,0.0284252111761173,154.30666390563653,2.1768909701876686,66.35964244154712,0.8393910114338972,geophone_rock
770125-16-M1,761028-23-M3,4,1977-01-25 16:17:44.773849,0.8599311429687758,-0.0255102040816326,3,35,A,AA,repeating,6,1.191838,1977-01-25 16:17:44.748339,255.1891208196,232.3294698044,15.561802642812498,sunrise6,170.6000001297462,0.0089811128638072,154.30666390563653,2.1768909701876686,66.35964244154712,0.8393910114338972,geophone_rock
770125-16-M1,761028-23-M3,2,1977-01-25 16:17:45.065686,0.8633558082509001,0.3826530612244898,3,35,A,AA,repeating,6,3.306463,1977-01-25 16:17:45.448339,255.1897119307112,232.3297083229185,15.561810744664353,sunrise6,59.50000012975219,0.0062731366647712,154.30666390563653,2.1768909701876686,66.35964244154712,0.8393910114338972,geophone_rock
761227-01-M1,761028-23-M3,3,1976-12-27 01:17:58.656296,0.9006240366374733,0.1105442176870748,3,35,A,AA,repeating,6,0.970069,1976-12-27 01:17:58.766840,253.9602737291852,231.59493141451853,15.56196489398148,sunrise5,66.7000001297521,0.0205776338718825,179.98568854627726,6.143853342701022,212.17738708318524,2.438702853258979,geophone_rock
761227-01-M1,761028-23-M3,4,1976-12-27 01:17:59.167180,0.8337402472011053,0.3996598639455783,3,35,A,AA,repeating,6,3.17177,1976-12-27 01:17:59.566840,253.9609611365926,231.59519215525927,15.56197415324074,sunrise5,30.40000012975177,0.0069496808171098,179.98568854627726,6.143853342701022,212.17738708318524,2.438702853258979,geophone_rock
761227-01-M1,761028-23-M3,2,1976-12-27 01:17:59.460718,0.8304522591600404,0.3061224489795918,3,35,A,AA,repeating,6,3.286395,1976-12-27 01:17:59.766840,253.96113298844443,231.59525734044445,15.561976468055557,sunrise5,29.600000129751763,0.0043773942494187,179.98568854627726,6.143853342701022,212.17738708318524,2.438702853258979,geophone_rock
761227-01-M1,761028-23-M3,1,1976-12-27 01:17:59.461058,0.8213879679785753,0.7057823129251701,3,35,A,AA,repeating,6,1.610885,1976-12-27 01:18:00.166840,253.96147669214807,231.59538771081483,15.561981097685186,sunrise5,30.20000012975177,0.0043082299890442,179.98568854627726,6.143853342701022,212.17738708318524,2.438702853258979,geophone_rock
770325-20-M1,770325-20-M1,3,1977-03-25 20:16:01.100000,1.0,0.0,3,35,C,BB,isolated,1,1.092178,1977-03-25 20:16:01.100000,252.0625007407408,231.17991407407408,15.594457175925928,sunrise8,54.10000012975211,0.0133363153893824,141.1545977025718,2.167050081332476,221.9484663404458,76.58884939958585,unclear
770325-20-M1,770325-20-M1,4,1977-03-25 20:16:01.500000,1.0,0.0,3,35,C,BB,isolated,1,1.312926,1977-03-25 20:16:01.500000,252.06284444444444,231.18004444444443,15.594461805555556,sunrise8,149.6000001297474,0.0055241244238638,141.1545977025718,2.167050081332476,221.9484663404458,76.58884939958585,unclear
770325-20-M1,770325-20-M1,1,1977-03-25 20:16:01.600000,1.0,0.0,3,35,C,BB,isolated,1,4.99694,1977-03-25 20:16:01.600000,252.0629303703704,231.18007703703705,15.594462962962965,sunrise8,21.00000012975164,0.0033405963605775,141.1545977025718,2.167050081332476,221.9484663404458,76.58884939958585,unclear
770325-20-M2,770325-20-M2,3,1977-03-25 20:36:16.844808,1.0,0.0,3,35,A,AA,isolated,1,0.442178,1977-03-25 20:36:16.844808,253.0982245045333,231.5761568263111,15.608528296388888,sunrise8,41.700000129751935,0.0201389423711291,180.51764346702507,10.349827008872452,246.9670510780892,49.42730838294331,unclear
770325-20-M2,770325-20-M2,2,1977-03-25 20:36:17.544808,1.0,0.0,3,35,A,AA,isolated,1,3.101021,1977-03-25 20:36:17.544808,253.09881561564444,231.57638497445924,15.608536398240744,sunrise8,140.6000001297479,0.0046062892766225,180.51764346702507,10.349827008872452,246.9670510780892,49.42730838294331,unclear
770325-20-M2,770325-20-M2,4,1977-03-25 20:36:17.544808,1.0,0.0,3,35,A,AA,isolated,1,1.714967,1977-03-25 20:36:17.544808,253.09881561564444,231.57638497445924,15.608536398240744,sunrise8,143.50000012974775,0.0080000187216747,180.51764346702507,10.349827008872452,246.9670510780892,49.42730838294331,unclear
770325-20-M2,770325-20-M2,1,1977-03-25 20:36:17.644808,1.0,0.0,3,35,A,AA,isolated,1,2.278232,1977-03-25 20:36:17.644808,253.09890006008888,231.57641756705183,15.608537555648148,sunrise8,92.50000012975065,0.0058145928508189,180.51764346702507,10.349827008872452,246.9670510780892,49.42730838294331,unclear
770424-09-M1,761028-23-M3,3,1977-04-24 09:32:25.545765,0.9178819762942456,-2.7551020408163267,3,35,A,AA,repeating,6,3.838776,1977-04-24 09:32:22.790663,251.5193608659852,230.7632058457185,15.624048503043982,sunrise9,75.90000012975158,0.0367877440092638,284.730182379265,18.877387432188204,82.4642448452789,0.5869839581687016,unclear
770424-09-M1,761028-23-M3,1,1977-04-24 09:32:26.353928,0.8107025283490384,-3.163265306122449,3,35,A,AA,repeating,6,7.2483,1977-04-24 09:32:23.190663,251.51970456968888,230.76333621608887,15.624053132673613,sunrise9,50.800000129752064,0.0076308105197579,284.730182379265,18.877387432188204,82.4642448452789,0.5869839581687016,unclear
770424-09-M1,761028-23-M3,4,1977-04-24 09:32:26.057670,0.8594496749451463,-1.2670068027210886,3,35,A,AA,repeating,6,2.442518,1977-04-24 09:32:24.790663,251.5210793845037,230.7638576975704,15.624071651192128,sunrise9,44.50000012975197,0.0100747090848675,284.730182379265,18.877387432188204,82.4642448452789,0.5869839581687016,unclear
770424-09-M1,761028-23-M3,2,1977-04-24 09:32:26.348486,0.8404120886484201,0.4421768707482993,3,35,A,AA,repeating,6,3.155103,1977-04-24 09:32:26.790663,251.52279790302225,230.7645095494222,15.624094799340275,sunrise9,51.50000012975208,0.0057859280454899,284.730182379265,18.877387432188204,82.4642448452789,0.5869839581687016,unclear
761028-23-M3,761028-23-M3,3,1976-10-28 23:47:25.628114,1.0,0.0,3,35,A,AA,repeating,6,1.080613,1976-10-28 23:47:25.628114,258.3365024912,232.6629547647704,15.678768843912035,sunrise3,65.30000012975218,0.0270236980381798,165.30022208585763,1.5130107316801298,175.77771162223817,13.306546443733074,geophone_rock
761028-23-M3,761028-23-M3,4,1976-10-28 23:47:26.128114,1.0,0.0,3,35,A,AA,repeating,6,1.175851,1976-10-28 23:47:26.128114,258.3369024912,232.6631251351408,15.678774630949071,sunrise3,47.20000012975201,0.0090497341975732,165.30022208585763,1.5130107316801298,175.77771162223817,13.306546443733074,geophone_rock
761028-23-M3,761028-23-M3,1,1976-10-28 23:47:26.428114,1.0,0.0,3,35,A,AA,repeating,6,1.079933,1976-10-28 23:47:26.428114,258.3371424912,232.66322735736296,15.678778103171297,sunrise3,35.90000012975185,0.004467255517497,165.30022208585763,1.5130107316801298,175.77771162223817,13.306546443733074,geophone_rock
761028-23-M3,761028-23-M3,2,1976-10-28 23:47:26.428114,1.0,0.0,3,35,A,AA,repeating,6,3.613946,1976-10-28 23:47:26.428114,258.3371424912,232.66322735736296,15.678778103171297,sunrise3,33.80000012975182,0.0068806186690308,165.30022208585763,1.5130107316801298,175.77771162223817,13.306546443733074,geophone_rock
760830-23-M2,761028-23-M3,3,1976-08-30 23:53:49.262673,0.8091318245059169,-0.0680272108843537,3,35,A,AA,repeating,6,2.496599,1976-08-30 23:53:49.194646,256.76884912945184,228.66914492165924,15.71445827136574,sunrise1,65.50000012975217,0.0182011646862997,156.2155675283599,4.867701211136438,120.00915830478156,1.0053000470955538,geophone_rock
760830-23-M2,761028-23-M3,4,1976-08-30 23:53:49.765054,0.9255302069509432,0.2295918367346939,3,35,A,AA,repeating,6,0.9483,1976-08-30 23:53:49.994646,256.7694772776,228.6694056624,15.714467530625,sunrise1,54.50000012975212,0.008558909891352,156.2155675283599,4.867701211136438,120.00915830478156,1.0053000470955538,geophone_rock
760830-23-M2,761028-23-M3,1,1976-08-30 23:53:50.060632,0.8812032247102599,0.0340136054421768,3,35,A,AA,repeating,6,6.503062,1976-08-30 23:53:50.094646,256.7695557961185,228.6694382549926,15.714468688032408,sunrise1,27.40000012975173,0.004346452370994,156.2155675283599,4.867701211136438,120.00915830478156,1.0053000470955538,geophone_rock
760830-23-M2,761028-23-M3,2,1976-08-30 23:53:50.063013,0.8983396287671883,0.3316326530612245,3,35,A,AA,repeating,6,3.320409,1976-08-30 23:53:50.394646,256.7697913516741,228.6695360327704,15.714472160254628,sunrise1,43.40000012975196,0.0070071942656619,156.2155675283599,4.867701211136438,120.00915830478156,1.0053000470955538,geophone_rock
760929-13-M1,761028-23-M3,3,1976-09-29 13:24:59.864809,0.929006949306622,-0.1445578231292517,3,35,A,AA,repeating,6,0.771429,1976-09-29 13:24:59.720251,262.9231219674222,234.1376824558963,15.78558703994213,sunrise2,38.10000012975188,0.0193064931550236,165.57224415584,2.7118226182107903,167.71118664584228,3.0790044448471736,geophone_rock
760929-13-M1,761028-23-M3,4,1976-09-29 13:25:00.371271,0.9021108933197658,-0.0510204081632653,3,35,A,AA,repeating,6,1.234355,1976-09-29 13:25:00.320251,262.92357530075554,234.1378869003408,15.785593984386576,sunrise2,37.80000012975188,0.0093944369858656,165.57224415584,2.7118226182107903,167.71118664584228,3.0790044448471736,geophone_rock
760929-13-M1,761028-23-M3,1,1976-09-29 13:25:00.665149,0.8710698288417195,0.2551020408163265,3,35,A,AA,repeating,6,3.091838,1976-09-29 13:25:00.920251,262.92402863408887,234.1380913447852,15.785600928831018,sunrise2,45.200000129751984,0.0051877010385625,165.57224415584,2.7118226182107903,167.71118664584228,3.0790044448471736,geophone_rock
760929-13-M1,761028-23-M3,2,1976-09-29 13:25:00.671612,0.8748680796736239,0.348639455782313,3,35,A,AA,repeating,6,3.306463,1976-09-29 13:25:01.020251,262.9241041896444,234.1381254188593,15.785602086238429,sunrise2,57.30000012975216,0.0061164401771727,165.57224415584,2.7118226182107903,167.71118664584228,3.0790044448471736,geophone_rock
770126-00-N1,770126-00-N1,3,1977-01-26 00:33:15.300000,1.0,0.0,3,35,D,AA,isolated,1,0.664287,1977-01-26 00:33:15.300000,277.17064,242.67944,15.90590625,sunrise6,31.300000129751787,0.0044471264496486,345.38928399137603,0.6101388678763452,338.8155632498348,0.7980084864364073,unclear
770126-00-N1,770126-00-N1,2,1977-01-26 00:33:15.500000,1.0,0.0,3,35,D,AA,isolated,1,1.595239,1977-01-26 00:33:15.500000,277.17077037037035,242.6795111111111,15.905908564814816,sunrise6,40.30000012975192,0.0035030770378464,345.38928399137603,0.6101388678763452,338.8155632498348,0.7980084864364073,unclear
770126-00-N1,770126-00-N1,1,1977-01-26 00:33:15.900000,1.0,0.0,3,35,D,AA,isolated,1,0.327892,1977-01-26 00:33:15.900000,277.1710311111111,242.6796533333333,15.905913194444445,sunrise6,21.00000012975164,0.0032893190706067,345.38928399137603,0.6101388678763452,338.8155632498348,0.7980084864364073,unclear
770126-00-N1,770126-00-N1,4,1977-01-26 00:33:16.900000,1.0,0.0,3,35,D,AA,isolated,1,26.334695,1977-01-26 00:33:16.900000,277.17168296296296,242.6800088888889,15.905924768518515,sunrise6,27.40000012975173,0.0042914140667606,345.38928399137603,0.6101388678763452,338.8155632498348,0.7980084864364073,unclear
760930-02-N2,760930-02-N2,3,1976-09-30 02:10:33.800000,1.0,0.0,3,35,D,DD,isolated,1,0.621769,1976-09-30 02:10:33.800000,291.55802666666665,250.36535111111112,16.317231481481482,sunrise2,19.900000129751625,0.0062925334158544,-1.0,-1.0,-1.0,-1.0,geophone_rock
760831-14-M4,760831-14-M4,3,1976-08-31 14:40:57.933333,1.0,0.0,3,35,B,AA,isolated,1,1.534355,1976-08-31 14:40:57.933333,290.7178172837778,247.48393185173333,16.33053163579861,sunrise1,33.80000012975182,0.0135634777952797,122.2000605816722,59.74481632277383,244.5597455850801,2.3257585835887458,geophone_rock
760831-14-M4,760831-14-M4,2,1976-08-31 14:40:59.233333,1.0,0.0,3,35,B,AA,isolated,1,5.617008,1976-08-31 14:40:59.233333,290.71849135785186,247.4843940739556,16.33054668209491,sunrise1,30.70000012975178,0.0026578222673253,122.2000605816722,59.74481632277383,244.5597455850801,2.3257585835887458,geophone_rock
760831-14-M4,760831-14-M4,4,1976-08-31 14:40:59.633333,1.0,0.0,3,35,B,AA,isolated,1,4.341157,1976-08-31 14:40:59.633333,290.71869876525926,247.48453629617777,16.330551311724534,sunrise1,36.000000129751854,0.0045199584231725,122.2000605816722,59.74481632277383,244.5597455850801,2.3257585835887458,geophone_rock
760831-14-M4,760831-14-M4,1,1976-08-31 14:41:00.733333,1.0,0.0,3,35,B,AA,isolated,1,3.020069,1976-08-31 14:41:00.733333,290.71926913562965,247.4849274072889,16.330564043206017,sunrise1,25.000000129751697,0.0025225844943105,122.2000605816722,59.74481632277383,244.5597455850801,2.3257585835887458,geophone_rock
770126-11-M2,770126-11-M2,3,1977-01-26 11:10:16.458677,1.0,0.0,3,35,A,AA,isolated,1,0.559525,1977-01-26 11:10:16.458677,298.9571791854519,256.6549846951852,16.348280771724536,sunrise6,82.70000012975119,0.0164459599858282,201.028718027624,104.97471187545214,266.3357418888655,27.445146294685262,unclear
770126-11-M2,770126-11-M2,2,1977-01-26 11:10:16.958677,1.0,0.0,3,35,A,AA,isolated,1,3.290817,1977-01-26 11:10:16.958677,298.9574310373037,256.65516988037035,16.348286558761572,sunrise6,25.90000012975171,0.0027781134138699,201.028718027624,104.97471187545214,266.3357418888655,27.445146294685262,unclear
770126-11-M2,770126-11-M2,4,1977-01-26 11:10:17.158677,1.0,0.0,3,35,A,AA,isolated,1,1.653742,1977-01-26 11:10:17.158677,298.9575317780444,256.6552439544444,16.34828887357639,sunrise6,31.900000129751795,0.0054687904758714,201.028718027624,104.97471187545214,266.3357418888655,27.445146294685262,unclear
770126-11-M2,770126-11-M2,1,1977-01-26 11:10:17.258677,1.0,0.0,3,35,A,AA,isolated,1,16.460205,1977-01-26 11:10:17.258677,298.9575821484148,256.65528099148145,16.348290030983797,sunrise6,87.10000012975094,0.0028369385995352,201.028718027624,104.97471187545214,266.3357418888655,27.445146294685262,unclear
761128-06-M4,761128-06-M4,3,1976-11-28 06:19:14.300000,1.0,0.0,3,35,B,AA,isolated,1,2.713606,1976-11-28 06:19:14.300000,298.2914251851852,255.6975185185185,16.372734953703706,sunrise4,39.80000012975191,0.0111409902472023,126.94358563502848,1.0238738436440953,131.85416178771985,61.75675986707576,unclear
761128-06-M4,761128-06-M4,4,1976-11-28 06:19:17.200000,1.0,0.0,3,35,B,AA,isolated,1,47.203063,1976-11-28 06:19:17.200000,298.292885925926,255.6985925925926,16.37276851851852,sunrise4,32.1000001297518,0.007942104224539,126.94358563502848,1.0238738436440953,131.85416178771985,61.75675986707576,unclear
761128-06-M4,761128-06-M4,1,1976-11-28 06:19:17.400000,1.0,0.0,3,35,B,AA,isolated,1,35.668028,1976-11-28 06:19:17.400000,298.29298666666665,255.69866666666667,16.372770833333334,sunrise4,27.500000129751733,0.0063019808787295,126.94358563502848,1.0238738436440953,131.85416178771985,61.75675986707576,unclear
761128-06-M4,761128-06-M4,2,1976-11-28 06:19:17.800000,1.0,0.0,3,35,B,AA,isolated,1,23.507824,1976-11-28 06:19:17.800000,298.29318814814815,255.6988148148148,16.372775462962963,sunrise4,23.90000012975168,0.0049288865318792,126.94358563502848,1.0238738436440953,131.85416178771985,61.75675986707576,unclear
761227-21-M1,761227-21-M1,3,1976-12-27 21:02:00.200000,1.0,0.0,3,35,B,AA,isolated,1,0.876531,1976-12-27 21:02:00.200000,299.8787644444444,257.09451851851856,16.384203703703704,sunrise5,20.600000129751635,0.0151111494772819,175.79862070630136,3.9528693778252832,125.12801535904444,0.5356200265897867,geophone_rock
761227-21-M1,761227-21-M1,4,1976-12-27 21:02:00.900000,1.0,0.0,3,35,B,AA,isolated,1,2.07279,1976-12-27 21:02:00.900000,299.87910666666664,257.0947777777778,16.384211805555555,sunrise5,31.100000129751784,0.0052226384565812,175.79862070630136,3.9528693778252832,125.12801535904444,0.5356200265897867,geophone_rock
761227-21-M1,761227-21-M1,1,1976-12-27 21:02:01.200000,1.0,0.0,3,35,B,AA,isolated,1,2.699661,1976-12-27 21:02:01.200000,299.87925333333334,257.0948888888889,16.384215277777777,sunrise5,19.60000012975162,0.0026305276693076,175.79862070630136,3.9528693778252832,125.12801535904444,0.5356200265897867,geophone_rock
761227-21-M1,761227-21-M1,2,1976-12-27 21:02:01.900000,1.0,0.0,3,35,B,AA,isolated,1,5.230953,1976-12-27 21:02:01.900000,299.8795955555556,257.09514814814816,16.384223379629628,sunrise5,25.700000129751707,0.0030372064300547,175.79862070630136,3.9528693778252832,125.12801535904444,0.5356200265897867,geophone_rock
761029-17-M2,761029-17-M2,3,1976-10-29 17:06:20.523157,1.0,0.0,3,35,A,AA,isolated,1,0.468028,1976-10-29 17:06:20.523157,297.45833759019257,254.8776011692593,16.400237536539354,sunrise3,23.50000012975168,0.0159283198962039,158.31893101384642,37.791332889833626,176.3995247098297,3.7387608922503848,geophone_rock
761029-17-M2,761029-17-M2,4,1976-10-29 17:06:21.023157,1.0,0.0,3,35,A,AA,isolated,1,1.838776,1976-10-29 17:06:21.023157,297.45858944204446,254.8777863544444,16.40024332357639,sunrise3,36.30000012975186,0.0049948857117966,158.31893101384642,37.791332889833626,176.3995247098297,3.7387608922503848,geophone_rock
761029-17-M2,761029-17-M2,2,1976-10-29 17:06:21.723157,1.0,0.0,3,35,A,AA,isolated,1,4.251021,1976-10-29 17:06:21.723157,297.45894203463706,254.8780456137037,16.40025142542824,sunrise3,24.300000129751687,0.0032864713808724,158.31893101384642,37.791332889833626,176.3995247098297,3.7387608922503848,geophone_rock
761029-17-M2,761029-17-M2,1,1976-10-29 17:06:21.723157,1.0,0.0,3,35,A,AA,isolated,1,1.9466,1976-10-29 17:06:21.723157,297.45894203463706,254.8780456137037,16.40025142542824,sunrise3,23.60000012975168,0.002836258497739,158.31893101384642,37.791332889833626,176.3995247098297,3.7387608922503848,geophone_rock
761128-19-M3,761128-19-M3,4,1976-11-28 19:49:02.500000,1.0,0.0,3,35,C,CC,isolated,1,17.518708,1976-11-28 19:49:02.500000,319.767,273.46622222222226,16.93509837962963,sunrise4,83.50000012975114,0.0069429434615118,-1.0,-1.0,-1.0,-1.0,geophone_rock
761128-19-M3,761128-19-M3,3,1976-11-28 19:49:07.700000,1.0,0.0,3,35,C,CC,isolated,1,3.866327,1976-11-28 19:49:07.700000,319.76908000000003,273.4680711111111,16.935158564814813,sunrise4,56.30000012975214,0.0149430121329599,-1.0,-1.0,-1.0,-1.0,geophone_rock
761128-22-M1,761030-08-M1,3,1976-11-28 22:29:40.053338,0.9262646989585632,0.1530612244897959,3,35,A,AA,repeating,3,1.426191,1976-11-28 22:29:40.206399,323.42266903666666,276.9029622752,17.046645907395835,sunrise4,26.00000012975171,0.0200865077567873,182.9828871443169,13.578275405607236,329.0787696671983,30.714113349002183,unclear
761128-22-M1,761030-08-M1,2,1976-11-28 22:29:41.550617,0.8150753202378502,-0.54421768707483,3,35,A,AA,repeating,3,34.308165,1976-11-28 22:29:41.006399,323.422965332963,276.90324671964447,17.046655166655093,sunrise4,24.60000012975169,0.0060518748831376,182.9828871443169,13.578275405607236,329.0787696671983,30.714113349002183,unclear
761128-22-M1,761030-08-M1,1,1976-11-28 22:29:40.553678,0.8596337004529139,0.5527210884353742,3,35,A,AA,repeating,3,2.031293,1976-11-28 22:29:41.106399,323.42300237,276.9032822752,17.0466563240625,sunrise4,25.000000129751697,0.0062608975137099,182.9828871443169,13.578275405607236,329.0787696671983,30.714113349002183,unclear
761128-22-M1,761030-08-M1,4,1976-11-28 22:29:40.857760,0.8917440986456049,0.348639455782313,3,35,A,AA,repeating,3,0.494219,1976-11-28 22:29:41.206399,323.42303940703704,276.90331783075555,17.046657481469907,sunrise4,25.400000129751703,0.0114778649815507,182.9828871443169,13.578275405607236,329.0787696671983,30.714113349002183,unclear
761030-08-M1,761030-08-M1,3,1976-10-30 08:54:20.931898,1.0,0.0,3,35,A,AA,repeating,3,0.760885,1976-10-30 08:54:20.931898,321.9444192214815,275.42944245262225,17.058575600671297,sunrise3,29.900000129751767,0.0160543420211051,175.4406005267348,12.518325120625276,96.02828451890528,1.4956705585708927,unclear
761030-08-M1,761030-08-M1,1,1976-10-30 08:54:21.431898,1.0,0.0,3,35,A,AA,repeating,3,3.713266,1976-10-30 08:54:21.431898,321.94460440666666,275.4296202304,17.058581387708333,sunrise3,29.900000129751767,0.004446775355757,175.4406005267348,12.518325120625276,96.02828451890528,1.4956705585708927,unclear
761030-08-M1,761030-08-M1,4,1976-10-30 08:54:21.731898,1.0,0.0,3,35,A,AA,repeating,3,0.836736,1976-10-30 08:54:21.731898,321.9447155177777,275.4297268970667,17.058584859930555,sunrise3,45.80000012975199,0.0086399674632941,175.4406005267348,12.518325120625276,96.02828451890528,1.4956705585708927,unclear
761030-08-M1,761030-08-M1,2,1976-10-30 08:54:22.431898,1.0,0.0,3,35,A,AA,repeating,3,2.084014,1976-10-30 08:54:22.431898,321.94497477703703,275.42997578595555,17.058592961782406,sunrise3,31.50000012975179,0.0039143636077564,175.4406005267348,12.518325120625276,96.02828451890528,1.4956705585708927,unclear
760930-21-M4,761030-08-M1,3,1976-09-30 21:00:52.659184,0.9227820704498554,-0.4591836734693878,3,35,C,AA,repeating,3,1.213266,1976-09-30 21:00:52.200000,321.25856,274.64778666666666,17.102166666666665,sunrise2,51.30000012975207,0.0197870425655791,221.89429268370327,57.46512403519407,197.0778666287374,8.828787313980332,geophone_rock
760930-21-M4,761030-08-M1,4,1976-09-30 21:00:53.457483,0.8991365748078033,0.042517006802721,3,35,C,AA,repeating,3,3.110545,1976-09-30 21:00:53.500000,321.25902222222226,274.6482296296296,17.102181712962963,sunrise2,39.000000129751896,0.0093120006937311,221.89429268370327,57.46512403519407,197.0778666287374,8.828787313980332,geophone_rock
760930-21-M4,761030-08-M1,2,1976-09-30 21:00:54.157143,0.8527289653519001,-0.3571428571428571,3,35,C,AA,repeating,3,2.453402,1976-09-30 21:00:53.800000,321.2591288888889,274.6483318518518,17.102185185185185,sunrise2,44.80000012975198,0.0067737309290977,221.89429268370327,57.46512403519407,197.0778666287374,8.828787313980332,geophone_rock
760930-21-M4,761030-08-M1,1,1976-09-30 21:00:53.158163,0.8691464450145863,0.8418367346938777,3,35,C,AA,repeating,3,1.734695,1976-09-30 21:00:54.000000,321.2592,274.6484,17.1021875,sunrise2,37.00000012975187,0.0056456848812236,221.89429268370327,57.46512403519407,197.0778666287374,8.828787313980332,geophone_rock
760930-21-M2,760930-21-M2,3,1976-09-30 21:28:15.801767,1.0,0.0,3,35,A,AA,isolated,1,0.506123,1976-09-30 21:28:15.801767,321.8529517393778,275.21782875023706,17.121189835266204,sunrise2,45.200000129751984,0.0177522619968994,243.70153474303743,40.60139362104748,198.05948966615432,6.312408129386238,unclear
760930-21-M2,760930-21-M2,4,1976-09-30 21:28:16.301767,1.0,0.0,3,35,A,AA,isolated,1,1.451702,1976-09-30 21:28:16.301767,321.8531295171556,275.21799912060743,17.12119562230324,sunrise2,34.30000012975183,0.0060211620115867,243.70153474303743,40.60139362104748,198.05948966615432,6.312408129386238,unclear
760930-21-M2,760930-21-M2,2,1976-09-30 21:28:16.501767,1.0,0.0,3,35,A,AA,isolated,1,1.09864,1976-09-30 21:28:16.501767,321.8532006282667,275.21806726875553,17.121197937118055,sunrise2,91.00000012975072,0.0055149100111014,243.70153474303743,40.60139362104748,198.05948966615432,6.312408129386238,unclear
760930-21-M2,760930-21-M2,1,1976-09-30 21:28:16.601767,1.0,0.0,3,35,A,AA,isolated,1,3.311566,1976-09-30 21:28:16.601767,321.8532361838222,275.21810134282964,17.121199094525462,sunrise2,69.90000012975192,0.005878605648424,243.70153474303743,40.60139362104748,198.05948966615432,6.312408129386238,unclear
761129-01-M1,770225-21-M1,3,1976-11-29 01:21:11.687238,0.9094537893760029,-0.0170068027210884,3,35,A,AA,repeating,3,0.869389,1976-11-29 01:21:11.670231,327.14214941546663,280.5221494154667,17.165760072118058,sunrise4,44.10000012975197,0.0184340925425743,269.81458564686216,10.57725002184741,253.8406336959204,34.20824043073593,unclear
761129-01-M1,770225-21-M1,2,1976-11-29 01:21:12.389279,0.8902714778940793,-0.119047619047619,3,35,A,AA,repeating,3,1.196259,1976-11-29 01:21:12.270231,327.1423627488,280.5223627488,17.165767016562498,sunrise4,600.0,0.007593836362927,269.81458564686216,10.57725002184741,253.8406336959204,34.20824043073593,unclear
761129-01-M1,770225-21-M1,4,1976-11-29 01:21:12.089619,0.8796250108811892,0.2806122448979592,3,35,A,AA,repeating,3,3.324151,1976-11-29 01:21:12.370231,327.14239830435554,280.5223983043556,17.16576817396991,sunrise4,40.90000012975192,0.008388544757455,269.81458564686216,10.57725002184741,253.8406336959204,34.20824043073593,unclear
761129-01-M1,770225-21-M1,1,1976-11-29 01:21:12.385197,0.9031735403585642,0.0850340136054421,3,35,A,AA,repeating,3,3.300681,1976-11-29 01:21:12.470231,327.1424338599111,280.52243385991113,17.165769331377316,sunrise4,51.90000012975208,0.0080772259130123,269.81458564686216,10.57725002184741,253.8406336959204,34.20824043073593,unclear
761228-15-M1,761228-15-M1,2,1976-12-28 15:54:19.099773,1.0,0.0,3,35,A,BB,isolated,1,7.336395,1976-12-28 15:54:19.099773,328.2387910304,281.7487910304,17.1705335621875,sunrise5,49.60000012975205,0.0061178491114585,273.7522461511036,12.292901470363978,272.2843334143407,5.708173997819505,unclear
761228-15-M1,761228-15-M1,3,1976-12-28 15:54:22.199773,1.0,0.0,3,35,A,BB,isolated,1,0.562926,1976-12-28 15:54:22.199773,328.2398932526222,281.74989325262226,17.17056944181713,sunrise5,27.60000012975173,0.0208493456626562,273.7522461511036,12.292901470363978,272.2843334143407,5.708173997819505,unclear
761228-15-M1,761228-15-M1,1,1976-12-28 15:54:23.599773,1.0,0.0,3,35,A,BB,isolated,1,2.751361,1976-12-28 15:54:23.599773,328.2403910304,281.7503910304,17.170585645520834,sunrise5,38.300000129751886,0.0085605673894223,273.7522461511036,12.292901470363978,272.2843334143407,5.708173997819505,unclear
770225-21-M1,770225-21-M1,3,1977-02-25 21:42:07.596337,1.0,0.0,3,35,A,AA,repeating,3,0.809865,1977-02-25 21:42:07.596337,328.081255048163,282.09125504816296,17.201129587233794,sunrise7,45.80000012975199,0.0211812799167188,271.5907175978218,7.983791387734007,187.2168496006206,40.29480942360463,unclear
770225-21-M1,770225-21-M1,4,1977-02-25 21:42:07.996337,1.0,0.0,3,35,A,AA,repeating,3,1.506804,1977-02-25 21:42:07.996337,328.08139134445923,282.0913913444592,17.201134216863426,sunrise7,51.80000012975208,0.007679612494929,271.5907175978218,7.983791387734007,187.2168496006206,40.29480942360463,unclear
770225-21-M1,770225-21-M1,1,1977-02-25 21:42:08.296337,1.0,0.0,3,35,A,AA,repeating,3,3.383674,1977-02-25 21:42:08.296337,328.0814935666815,282.0914935666815,17.201137689085648,sunrise7,73.40000012975172,0.0080778622918752,271.5907175978218,7.983791387734007,187.2168496006206,40.29480942360463,unclear
770225-21-M1,770225-21-M1,2,1977-02-25 21:42:08.296337,1.0,0.0,3,35,A,AA,repeating,3,1.079253,1977-02-25 21:42:08.296337,328.0814935666815,282.0914935666815,17.201137689085648,sunrise7,43.10000012975196,0.0069667406325595,271.5907175978218,7.983791387734007,187.2168496006206,40.29480942360463,unclear
770327-11-M3,770327-11-M3,3,1977-03-27 11:17:29.800000,1.0,0.0,3,35,C,AA,isolated,1,0.989116,1977-03-27 11:17:29.800000,326.3310429629629,280.5810429629629,17.220483796296296,sunrise8,139.80000012974796,0.0120805871356077,267.8025505918026,27.427633228686386,200.84555423894568,2.561120228884714,unclear
770327-11-M3,770327-11-M3,4,1977-03-27 11:17:29.800000,1.0,0.0,3,35,C,AA,isolated,1,4.016327,1977-03-27 11:17:29.800000,326.3310429629629,280.5810429629629,17.220483796296296,sunrise8,139.40000012974798,0.0079521914711779,267.8025505918026,27.427633228686386,200.84555423894568,2.561120228884714,unclear
770327-11-M3,770327-11-M3,2,1977-03-27 11:17:30.400000,1.0,0.0,3,35,C,AA,isolated,1,2.217348,1977-03-27 11:17:30.400000,326.3312474074074,280.5812474074074,17.22049074074074,sunrise8,57.00000012975215,0.0061738221144621,267.8025505918026,27.427633228686386,200.84555423894568,2.561120228884714,unclear
770327-11-M3,770327-11-M3,1,1977-03-27 11:17:30.800000,1.0,0.0,3,35,C,AA,isolated,1,3.143878,1977-03-27 11:17:30.800000,326.3313837037037,280.5813837037037,17.220495370370372,sunrise8,64.00000012975225,0.0081290748063192,267.8025505918026,27.427633228686386,200.84555423894568,2.561120228884714,unclear
770127-08-M1,770225-21-M1,3,1977-01-27 08:15:23.444558,0.8625900901210465,-0.1445578231292517,3,35,C,AA,repeating,3,0.989116,1977-01-27 08:15:23.300000,330.26793925925926,284.0079392592593,17.226832175925928,sunrise6,49.70000012975205,0.0227748580800051,268.6751597959905,10.350216629113536,343.2331489462128,34.90600445236246,R2
770127-08-M1,770225-21-M1,2,1977-01-27 08:15:24.148980,0.8447639490558699,0.0510204081632653,3,35,C,AA,repeating,3,1.015987,1977-01-27 08:15:24.200000,330.2682459259259,284.0082459259259,17.226842592592593,sunrise6,37.90000012975188,0.0061715710908768,268.6751597959905,10.350216629113536,343.2331489462128,34.90600445236246,R2
770127-08-M1,770225-21-M1,1,1977-01-27 08:15:24.140476,0.9119806249160158,0.0595238095238095,3,35,C,AA,repeating,3,3.311906,1977-01-27 08:15:24.200000,330.2682459259259,284.0082459259259,17.226842592592593,sunrise6,99.70000012975022,0.0073082123221459,268.6751597959905,10.350216629113536,343.2331489462128,34.90600445236246,R2
770127-08-M1,770225-21-M1,4,1977-01-27 08:15:23.838776,0.8325416284188093,0.5612244897959184,3,35,C,AA,repeating,3,3.069389,1977-01-27 08:15:24.400000,330.26831407407406,284.00831407407406,17.226844907407408,sunrise6,51.20000012975207,0.0059798060724117,268.6751597959905,10.350216629113536,343.2331489462128,34.90600445236246,R2
770128-00-M1,770128-00-M1,3,1977-01-28 00:19:46.600000,1.0,0.0,3,35,C,BB,isolated,1,2.993538,1977-01-28 00:19:46.600000,347.6164266666667,302.8791644444445,17.896546296296297,sunrise6,22.40000012975166,0.0139422151081711,273.4427191887922,86.16337320874025,124.50962621751128,67.28427110791628,unclear
770128-00-M1,770128-00-M1,1,1977-01-28 00:19:49.600000,1.0,0.0,3,35,C,BB,isolated,1,2.757144,1977-01-28 00:19:49.600000,347.6172266666667,302.8800977777778,17.89658101851852,sunrise6,46.90000012975201,0.0050471812373247,273.4427191887922,86.16337320874025,124.50962621751128,67.28427110791628,unclear
770128-00-M1,770128-00-M1,2,1977-01-28 00:19:50.000000,1.0,0.0,3,35,C,BB,isolated,1,3.726191,1977-01-28 00:19:50.000000,347.61733333333336,302.88022222222224,17.896585648148147,sunrise6,22.40000012975166,0.0045529911291288,273.4427191887922,86.16337320874025,124.50962621751128,67.28427110791628,unclear
761129-19-M2,761129-19-M2,3,1976-11-29 19:18:54.285594,1.0,0.0,3,35,A,BB,isolated,1,0.382654,1976-11-29 19:18:54.285594,346.9424761584,301.83288885146663,17.914169972152777,sunrise4,15.70000012975157,0.0142069434921409,165.57442212765352,75.5192665376846,216.91369390041632,74.51391976011476,unclear
761129-19-M2,761129-19-M2,4,1976-11-29 19:18:54.885594,1.0,0.0,3,35,A,BB,isolated,1,0.52245,1976-11-29 19:18:54.885594,346.9426361584,301.83307551813334,17.914176916597224,sunrise4,15.400000129751572,0.0056813819117559,165.57442212765352,75.5192665376846,216.91369390041632,74.51391976011476,unclear
761129-19-M2,761129-19-M2,1,1976-11-29 19:18:55.185594,1.0,0.0,3,35,A,BB,isolated,1,2.535375,1976-11-29 19:18:55.185594,346.9427161584,301.83316885146667,17.914180388819442,sunrise4,15.100000129751573,0.005290552414342,165.57442212765352,75.5192665376846,216.91369390041632,74.51391976011476,unclear
761031-06-M2,761031-06-M2,3,1976-10-31 06:41:45.000000,1.0,0.0,3,35,C,DD,isolated,1,0.387756,1976-10-31 06:41:45.000000,346.378,301.2922222222222,17.966493055555556,sunrise3,19.900000129751625,0.0106339026321345,-1.0,-1.0,-1.0,-1.0,geophone_rock
761001-18-M1,761001-18-M1,4,1976-10-01 18:31:56.566667,1.0,0.0,3,35,B,BB,isolated,1,1.460545,1976-10-01 18:31:56.566667,345.0826908642815,299.8962651852889,17.99874498457176,sunrise2,22.30000012975166,0.0070293586061013,273.75301980733786,59.76478276293816,246.69796503338884,1.4472047533460617,unclear
761001-18-M1,761001-18-M1,3,1976-10-01 18:31:56.966667,1.0,0.0,3,35,B,BB,isolated,1,0.405783,1976-10-01 18:31:56.966667,345.08279160502224,299.89638962973333,17.99874961420139,sunrise2,18.500000129751605,0.0105807552736692,273.75301980733786,59.76478276293816,246.69796503338884,1.4472047533460617,unclear
761001-18-M1,761001-18-M1,1,1976-10-01 18:31:58.066667,1.0,0.0,3,35,B,BB,isolated,1,11.227552,1976-10-01 18:31:58.066667,345.0830686420593,299.8967318519556,17.99876234568287,sunrise2,80.90000012975129,0.005477310502267,273.75301980733786,59.76478276293816,246.69796503338884,1.4472047533460617,unclear
760902-07-M2,760902-07-M2,3,1976-09-02 07:27:18.775012,1.0,0.0,3,35,A,BB,isolated,1,0.32211,1976-09-02 07:27:18.775012,344.1793951882074,297.7422296331852,18.029383970046297,sunrise1,17.900000129751596,0.0106599482488753,226.8892394880573,0.2925045962704755,211.3187717485824,58.45487125099582,geophone_rock
760902-07-M2,760902-07-M2,4,1976-09-02 07:27:18.775012,1.0,0.0,3,35,A,BB,isolated,1,1.214967,1976-09-02 07:27:18.775012,344.1793951882074,297.7422296331852,18.029383970046297,sunrise1,15.400000129751572,0.0071378235499575,226.8892394880573,0.2925045962704755,211.3187717485824,58.45487125099582,geophone_rock
760902-07-M2,760902-07-M2,1,1976-09-02 07:27:19.675012,1.0,0.0,3,35,A,BB,isolated,1,3.57177,1976-09-02 07:27:19.675012,344.1796218548741,297.74249629985184,18.02939438671296,sunrise1,234.40000012974247,0.0036772014064713,226.8892394880573,0.2925045962704755,211.3187717485824,58.45487125099582,geophone_rock
770226-17-M1,770226-17-M1,2,1977-02-26 17:37:41.000000,1.0,0.0,3,35,B,AA,isolated,1,6.370749,1977-02-26 17:37:41.000000,349.24277037037035,305.12325925925927,18.03137731481481,sunrise7,36.40000012975186,0.0044109362746798,131.06588696012298,16.248783703757415,295.2804388679231,0.157222889816081,unclear
770226-17-M1,770226-17-M1,3,1977-02-26 17:37:42.500000,1.0,0.0,3,35,B,AA,isolated,1,0.287416,1977-02-26 17:37:42.500000,349.2431481481482,305.1237037037037,18.031394675925927,sunrise7,33.40000012975182,0.0113241201459947,131.06588696012298,16.248783703757415,295.2804388679231,0.157222889816081,unclear
770226-17-M1,770226-17-M1,1,1977-02-26 17:37:43.000000,1.0,0.0,3,35,B,AA,isolated,1,3.001701,1977-02-26 17:37:43.000000,349.24327407407407,305.12385185185184,18.031400462962964,sunrise7,31.8000001297518,0.0056219397726203,131.06588696012298,16.248783703757415,295.2804388679231,0.157222889816081,unclear
770226-17-M1,770226-17-M1,4,1977-02-26 17:37:43.200000,1.0,0.0,3,35,B,AA,isolated,1,0.854423,1977-02-26 17:37:43.200000,349.24332444444445,305.1239111111111,18.03140277777777,sunrise7,59.400000129752186,0.0075310862948252,131.06588696012298,16.248783703757415,295.2804388679231,0.157222889816081,unclear
761231-15-M1,761231-15-M1,3,1976-12-31 15:33:25.000000,1.0,0.0,3,35,B,AA,repeating,2,0.826531,1976-12-31 15:33:25.000000,382.0079259259259,347.9567407407407,20.15601851851852,sunrise5,49.10000012975204,0.0264045047934924,169.63002639358635,15.587421341309556,185.8735766767227,6.7082068233689744,unclear
761231-15-M1,761231-15-M1,4,1976-12-31 15:33:25.500000,1.0,0.0,3,35,B,AA,repeating,2,4.212586,1976-12-31 15:33:25.500000,382.0079777777778,347.95682222222223,20.156024305555555,sunrise5,66.50000012975211,0.0112986323654427,169.63002639358635,15.587421341309556,185.8735766767227,6.7082068233689744,unclear
761231-15-M1,761231-15-M1,2,1976-12-31 15:33:26.000000,1.0,0.0,3,35,B,AA,repeating,2,3.261906,1976-12-31 15:33:26.000000,382.0080296296296,347.9569037037037,20.15603009259259,sunrise5,40.60000012975192,0.0069837570888028,169.63002639358635,15.587421341309556,185.8735766767227,6.7082068233689744,unclear
761231-15-M1,761231-15-M1,1,1976-12-31 15:33:26.100000,1.0,0.0,3,35,B,AA,repeating,2,1.376191,1976-12-31 15:33:26.100000,382.00804,347.95692,20.15603125,sunrise5,50.70000012975206,0.0090775732060517,169.63002639358635,15.587421341309556,185.8735766767227,6.7082068233689744,unclear
761202-02-M1,761231-15-M1,3,1976-12-02 02:41:59.528964,0.920875865816654,-2.1938775510204085,3,35,A,AA,repeating,2,2.795239,1976-12-02 02:41:57.335086,381.8037631187555,347.8835657177185,20.22184415608796,sunrise4,58.90000012975218,0.0339155053288306,170.82561623309627,3.5470300386346243,153.46937059160433,0.4975328547942548,unclear
761202-02-M1,761231-15-M1,4,1976-12-02 02:42:00.033385,0.858565320276572,-1.9982993197278915,3,35,A,AA,repeating,2,2.69898,1976-12-02 02:41:58.035086,381.80382534097777,347.8836797917926,20.22185225793981,sunrise4,54.40000012975212,0.0173482491480153,170.82561623309627,3.5470300386346243,153.46937059160433,0.4975328547942548,unclear
761202-02-M1,761231-15-M1,1,1976-12-02 02:42:00.638487,0.9082833236715214,-1.0034013605442178,3,35,A,AA,repeating,2,3.309865,1976-12-02 02:41:59.635086,381.8039675632,347.8839405325333,20.22187077645833,sunrise4,67.30000012975206,0.0091743043168769,170.82561623309627,3.5470300386346243,153.46937059160433,0.4975328547942548,unclear
761202-02-M1,761231-15-M1,2,1976-12-02 02:42:00.530664,0.8578747964065906,-0.195578231292517,3,35,A,AA,repeating,2,1.461906,1976-12-02 02:42:00.335086,381.8040297854222,347.8840546066074,20.221878878310186,sunrise4,63.00000012975224,0.0075307048425455,170.82561623309627,3.5470300386346243,153.46937059160433,0.4975328547942548,unclear
761102-12-M2,761102-12-M2,3,1976-11-02 12:53:26.351894,1.0,0.0,3,35,A,AA,isolated,1,1.135375,1976-11-02 12:53:26.351894,380.1625105667852,346.0250150954074,20.224610554328702,sunrise3,29.40000012975176,0.0263362419058828,194.7964479781592,11.802261946039796,239.77574748588464,1.2110551305782922,unclear
761102-12-M2,761102-12-M2,2,1976-11-02 12:53:26.851894,1.0,0.0,3,35,A,AA,isolated,1,4.555443,1976-11-02 12:53:26.851894,380.162562418637,346.0250891694815,20.224616341365746,sunrise3,26.30000012975172,0.0054956788862898,194.7964479781592,11.802261946039796,239.77574748588464,1.2110551305782922,unclear
761102-12-M2,761102-12-M2,4,1976-11-02 12:53:27.151894,1.0,0.0,3,35,A,AA,isolated,1,0.709525,1976-11-02 12:53:27.151894,380.16259352974816,346.025133613926,20.22461981358796,sunrise3,47.60000012975202,0.0139111858025421,194.7964479781592,11.802261946039796,239.77574748588464,1.2110551305782922,unclear
761102-12-M2,761102-12-M2,1,1976-11-02 12:53:27.951894,1.0,0.0,3,35,A,AA,isolated,1,1.584695,1976-11-02 12:53:27.951894,380.1626764927111,346.02525213244445,20.224629072847225,sunrise3,28.300000129751744,0.0074954453152214,194.7964479781592,11.802261946039796,239.77574748588464,1.2110551305782922,unclear
761004-01-M1,761004-01-M1,3,1976-10-04 01:07:14.121661,1.0,0.0,3,35,A,BB,isolated,1,1.7466,1976-10-04 01:07:14.121661,378.5385885920889,344.36764765348147,20.27325372292824,sunrise2,29.80000012975177,0.0188491360931628,204.8676983578889,3.8142382146554064,225.0533781336121,80.65941643168703,unclear
761004-01-M1,761004-01-M1,1,1976-10-04 01:07:14.921661,1.0,0.0,3,35,A,BB,isolated,1,1.737416,1976-10-04 01:07:14.921661,378.5386597032,344.367766172,20.2732629821875,sunrise2,40.10000012975191,0.0064021928452646,204.8676983578889,3.8142382146554064,225.0533781336121,80.65941643168703,unclear
761004-01-M1,761004-01-M1,4,1976-10-04 01:07:15.021661,1.0,0.0,3,35,A,BB,isolated,1,1.033674,1976-10-04 01:07:15.021661,378.5386685920889,344.3677809868148,20.273264139594907,sunrise2,13.40000012975158,0.0078647404467743,204.8676983578889,3.8142382146554064,225.0533781336121,80.65941643168703,unclear
770301-02-M1,770301-02-M1,4,1977-03-01 02:34:06.200000,1.0,0.0,3,35,C,AA,isolated,1,3.97347,1977-03-01 02:34:06.200000,382.5318844444445,349.8498074074074,20.403891203703704,sunrise7,73.40000012975172,0.0154634189940303,185.70149683286635,7.4286528263327325,170.55967914354832,2.817363889629077,geophone_rock
770301-02-M1,770301-02-M1,3,1977-03-01 02:34:06.700000,1.0,0.0,3,35,C,AA,isolated,1,2.869729,1977-03-01 02:34:06.700000,382.5319288888889,349.8498814814815,20.40389699074074,sunrise7,57.60000012975216,0.0338457399612316,185.70149683286635,7.4286528263327325,170.55967914354832,2.817363889629077,geophone_rock
770301-02-M1,770301-02-M1,2,1977-03-01 02:34:09.600000,1.0,0.0,3,35,C,AA,isolated,1,2.189117,1977-03-01 02:34:09.600000,382.5321866666667,349.8503111111111,20.40393055555556,sunrise7,42.400000129751945,0.010794791940111,185.70149683286635,7.4286528263327325,170.55967914354832,2.817363889629077,geophone_rock
770301-02-M1,770301-02-M1,1,1977-03-01 02:34:09.800000,1.0,0.0,3,35,C,AA,isolated,1,1.648981,1977-03-01 02:34:09.800000,382.53220444444446,349.8503407407407,20.40393287037037,sunrise7,48.20000012975203,0.0094521475030558,185.70149683286635,7.4286528263327325,170.55967914354832,2.817363889629077,geophone_rock
760909-03-N1,760909-03-N1,3,1976-09-09 03:44:22.100000,1.0,0.0,3,35,D,AA,isolated,1,0.651701,1976-09-09 03:44:22.100000,366.72617629629633,353.8133688888889,24.874561342592592,sunset1,30.40000012975177,0.0206551025703483,194.1636018168684,6.981951652176307,222.89613795572933,0.5110295648600922,geophone_rock
760909-03-N1,760909-03-N1,4,1976-09-09 03:44:23.000000,1.0,0.0,3,35,D,AA,isolated,1,2.421769,1976-09-09 03:44:23.000000,366.7260296296296,353.8132888888889,24.874571759259258,sunset1,29.900000129751767,0.008178314417708,194.1636018168684,6.981951652176307,222.89613795572933,0.5110295648600922,geophone_rock
760909-03-N1,760909-03-N1,2,1976-09-09 03:44:23.100000,1.0,0.0,3,35,D,AA,isolated,1,2.440817,1976-09-09 03:44:23.100000,366.72601333333336,353.81328,24.87457291666667,sunset1,23.90000012975168,0.0059104912443633,194.1636018168684,6.981951652176307,222.89613795572933,0.5110295648600922,geophone_rock
760909-03-N1,760909-03-N1,1,1976-09-09 03:44:23.800000,1.0,0.0,3,35,D,AA,isolated,1,0.465307,1976-09-09 03:44:23.800000,366.7258992592593,353.81321777777777,24.87458101851852,sunset1,43.800000129751965,0.0051618279538285,194.1636018168684,6.981951652176307,222.89613795572933,0.5110295648600922,geophone_rock
770405-06-M4,770405-06-M4,3,1977-04-05 06:49:41.233333,1.0,0.0,3,35,B,AA,isolated,1,0.455443,1977-04-05 06:49:41.233333,350.5533372840296,346.0483358025185,26.03450501542824,sunset8,85.40000012975104,0.0203417590163409,204.25708982386465,1.0153126449013732,192.71714748415303,4.901129572693001,unclear
770405-06-M4,770405-06-M4,4,1977-04-05 06:49:41.633333,1.0,0.0,3,35,B,AA,isolated,1,0.701701,1977-04-05 06:49:41.633333,350.5532424692148,346.04827654325925,26.03450964505787,sunset8,30.20000012975177,0.0086647225335444,204.25708982386465,1.0153126449013732,192.71714748415303,4.901129572693001,unclear
770405-06-M4,770405-06-M4,2,1977-04-05 06:49:42.133333,1.0,0.0,3,35,B,AA,isolated,1,0.754423,1977-04-05 06:49:42.133333,350.5531239506963,346.0482024691852,26.034515432094903,sunset8,54.80000012975212,0.0037298697606625,204.25708982386465,1.0153126449013732,192.71714748415303,4.901129572693001,unclear
770405-06-M4,770405-06-M4,1,1977-04-05 06:49:42.333333,1.0,0.0,3,35,B,AA,isolated,1,2.119048,1977-04-05 06:49:42.333333,350.5530765432889,346.04817283955555,26.034517746909724,sunset8,58.700000129752176,0.0075353592132785,204.25708982386465,1.0153126449013732,192.71714748415303,4.901129572693001,unclear
770205-16-M4,770205-16-M4,3,1977-02-05 16:34:14.333333,1.0,0.0,3,35,B,DD,isolated,1,0.687076,1977-02-05 16:34:14.333333,342.1246419754074,342.03855308647405,26.57325617283565,sunset6,48.20000012975203,0.007917456683009,-1.0,-1.0,-1.0,-1.0,R2
761010-12-N2,761010-12-N2,3,1976-10-10 12:45:55.400000,1.0,0.0,3,35,D,CC,isolated,1,0.895919,1976-10-10 12:45:55.400000,333.05276444444445,334.97015111111114,26.7584537037037,sunset2,66.40000012975212,0.0118867186960082,-1.0,-1.0,-1.0,-1.0,geophone_rock
761010-12-N2,761010-12-N2,4,1976-10-10 12:45:56.400000,1.0,0.0,3,35,D,CC,isolated,1,2.54898,1976-10-10 12:45:56.400000,333.05245333333335,334.96997333333337,26.758465277777777,sunset2,22.40000012975166,0.0039999351713014,-1.0,-1.0,-1.0,-1.0,geophone_rock
761109-05-N1,761109-05-N1,4,1976-11-09 05:43:47.300000,1.0,0.0,3,35,D,CC,isolated,1,3.101361,1976-11-09 05:43:47.300000,331.0670281481481,334.6073348148148,26.926241898148145,sunset3,27.90000012975174,0.0040613546587266,-1.0,-1.0,-1.0,-1.0,unclear
761109-05-N1,761109-05-N1,3,1976-11-09 05:43:47.600000,1.0,0.0,3,35,D,CC,isolated,1,0.956123,1976-11-09 05:43:47.600000,331.0669303703704,334.607277037037,26.92624537037037,sunset3,16.300000129751574,0.0159277721165447,-1.0,-1.0,-1.0,-1.0,unclear
761208-23-N3,761208-23-N3,3,1976-12-08 23:32:40.400000,1.0,0.0,3,35,D,DD,isolated,1,0.885715,1976-12-08 23:32:40.400000,328.31867851851854,333.6157748148148,27.090398148148147,sunset4,45.40000012975199,0.0127865263442385,-1.0,-1.0,-1.0,-1.0,unclear
770406-18-M5,770406-18-M5,3,1977-04-06 18:57:05.200000,1.0,0.0,3,35,B,AA,isolated,1,0.818708,1977-04-06 18:57:05.200000,309.6091762962963,322.36884444444445,27.53964351851852,sunset8,36.90000012975187,0.0169973986150715,115.74125703446092,0.6139728726833168,128.56905680824767,0.8572993929182152,unclear
770406-18-M5,770406-18-M5,4,1977-04-06 18:57:05.800000,1.0,0.0,3,35,B,AA,isolated,1,0.762926,1977-04-06 18:57:05.800000,309.6089274074074,322.3687111111111,27.53965046296296,sunset8,40.50000012975192,0.0096854964552455,115.74125703446092,0.6139728726833168,128.56905680824767,0.8572993929182152,unclear
770406-18-M5,770406-18-M5,1,1977-04-06 18:57:06.100000,1.0,0.0,3,35,B,AA,isolated,1,3.107484,1977-04-06 18:57:06.100000,309.6088029629629,322.36864444444444,27.539653935185186,sunset8,31.50000012975179,0.005102851653851,115.74125703446092,0.6139728726833168,128.56905680824767,0.8572993929182152,unclear
770406-18-M5,770406-18-M5,2,1977-04-06 18:57:06.600000,1.0,0.0,3,35,B,AA,isolated,1,1.32347,1977-04-06 18:57:06.600000,309.60859555555555,322.36853333333335,27.539659722222225,sunset8,25.80000012975171,0.0045047142988877,115.74125703446092,0.6139728726833168,128.56905680824767,0.8572993929182152,unclear
761011-07-N3,761011-07-N3,1,1976-10-11 07:45:59.500000,1.0,0.0,3,35,D,CC,isolated,1,26.909865,1976-10-11 07:45:59.500000,308.2877703703704,321.082562962963,27.55016782407408,sunset2,286.0000001297482,0.002807701248596,-1.0,-1.0,-1.0,-1.0,unclear
761011-07-N3,761011-07-N3,3,1976-10-11 07:46:00.200000,1.0,0.0,3,35,D,CC,isolated,1,0.444559,1976-10-11 07:46:00.200000,308.28746962962964,321.082397037037,27.550175925925927,sunset2,20.600000129751635,0.0066988329407555,-1.0,-1.0,-1.0,-1.0,unclear
761011-12-M1,761011-12-M1,3,1976-10-11 12:33:36.000000,1.0,0.0,3,35,B,BB,isolated,1,2.517008,1976-10-11 12:33:36.000000,300.59426666666667,317.08213333333333,27.749895833333333,sunset2,29.10000012975176,0.0124408168039182,252.5576654732833,1.166572316182907,127.56123338638906,31.87089683521509,geophone_rock
761011-12-M1,761011-12-M1,4,1976-10-11 12:33:37.700000,1.0,0.0,3,35,B,BB,isolated,1,1.429253,1976-10-11 12:33:37.700000,300.59346074074074,317.08173037037034,27.74991550925926,sunset2,23.400000129751675,0.0081265543988819,252.5576654732833,1.166572316182907,127.56123338638906,31.87089683521509,geophone_rock
761011-12-M1,761011-12-M1,1,1976-10-11 12:33:38.800000,1.0,0.0,3,35,B,BB,isolated,1,4.878572,1976-10-11 12:33:38.800000,300.59293925925925,317.0814696296296,27.74992824074074,sunset2,42.30000012975194,0.0044050955361855,252.5576654732833,1.166572316182907,127.56123338638906,31.87089683521509,geophone_rock
760912-02-N2,760912-02-N2,3,1976-09-12 02:01:55.600000,1.0,0.0,3,35,D,AA,isolated,1,0.418708,1976-09-12 02:01:55.600000,295.12348444444444,313.2475525925926,27.803421296296296,sunset1,48.60000012975203,0.0231164039059595,202.9830477119473,4.616292129598219,138.46643325045665,2.925573551887533,unclear
760912-02-N2,760912-02-N2,4,1976-09-12 02:01:55.800000,1.0,0.0,3,35,D,AA,isolated,1,1.103062,1976-09-12 02:01:55.800000,295.12338666666665,313.24750222222224,27.80342361111111,sunset1,60.800000129752206,0.0103880689642218,202.9830477119473,4.616292129598219,138.46643325045665,2.925573551887533,unclear
760912-02-N2,760912-02-N2,1,1976-09-12 02:01:56.400000,1.0,0.0,3,35,D,AA,isolated,1,5.809185,1976-09-12 02:01:56.400000,295.1230933333333,313.2473511111112,27.80343055555556,sunset1,43.20000012975196,0.0055503181944715,202.9830477119473,4.616292129598219,138.46643325045665,2.925573551887533,unclear
760912-02-N2,760912-02-N2,2,1976-09-12 02:01:56.900000,1.0,0.0,3,35,D,AA,isolated,1,33.727552,1976-09-12 02:01:56.900000,295.1228488888889,313.2472251851852,27.80343634259259,sunset1,35.20000012975184,0.0062800731295718,202.9830477119473,4.616292129598219,138.46643325045665,2.925573551887533,unclear
761110-03-M1,761110-03-M1,3,1976-11-10 03:15:01.396200,1.0,0.0,3,35,A,BB,isolated,1,0.602382,1976-11-10 03:15:01.396200,300.6526714311111,317.90298169777776,27.82293282638889,sunset3,52.300000129752085,0.0148598960765777,185.1036873567829,29.577795731495776,226.32524896022736,77.98617636169007,unclear
761110-03-M1,761110-03-M1,4,1976-11-10 03:15:01.596200,1.0,0.0,3,35,A,BB,isolated,1,1.031634,1976-11-10 03:15:01.596200,300.6525766162963,317.9029313274074,27.822935141203704,sunset3,50.70000012975206,0.0107906691412849,185.1036873567829,29.577795731495776,226.32524896022736,77.98617636169007,unclear
761110-03-M1,761110-03-M1,1,1976-11-10 03:15:01.596200,1.0,0.0,3,35,A,BB,isolated,1,6.643878,1976-11-10 03:15:01.596200,300.6525766162963,317.9029313274074,27.822935141203704,sunset3,54.60000012975212,0.0098933880619463,185.1036873567829,29.577795731495776,226.32524896022736,77.98617636169007,unclear
770206-22-M4,770206-22-M4,3,1977-02-06 22:36:13.766667,1.0,0.0,3,35,B,AA,isolated,1,0.320069,1977-02-06 22:36:13.766667,302.6483441973777,319.7758661727556,27.82463850309028,sunset6,188.2000001297452,0.0212834585379265,356.8542257832147,0.581178466240391,110.04523167399068,0.0007979649661239,unclear
770206-22-M4,770206-22-M4,4,1977-02-06 22:36:14.466667,1.0,0.0,3,35,B,AA,isolated,1,50.631974,1977-02-06 22:36:14.466667,302.6480227158963,319.77568987645924,27.82464660494213,sunset6,195.5000001297448,0.0096541593163378,356.8542257832147,0.581178466240391,110.04523167399068,0.0007979649661239,unclear
770206-22-M4,770206-22-M4,1,1977-02-06 22:36:14.666667,1.0,0.0,3,35,B,AA,isolated,1,40.431974,1977-02-06 22:36:14.666667,302.64793086404444,319.7756395060889,27.824648919756942,sunset6,196.6000001297448,0.0071284841468669,356.8542257832147,0.581178466240391,110.04523167399068,0.0007979649661239,unclear
770206-22-M4,770206-22-M4,2,1977-02-06 22:36:42.466667,1.0,0.0,3,35,B,AA,isolated,1,21.339457,1977-02-06 22:36:42.466667,302.63516345663703,319.7686380246074,27.824970679016207,sunset6,130.60000012974848,0.0111149141550681,356.8542257832147,0.581178466240391,110.04523167399068,0.0007979649661239,unclear
770108-07-M4,770108-07-M4,3,1977-01-08 07:57:02.679037,1.0,0.0,3,35,A,AA,isolated,1,0.745579,1977-01-08 07:57:02.679037,303.3347696274518,320.1953649690074,27.839093507372684,sunset5,75.80000012975158,0.0216086960184284,268.9903169694396,8.50282630787875,253.601342799598,3.6938939175470153,unclear
770108-07-M4,770108-07-M4,2,1977-01-08 07:57:02.779037,1.0,0.0,3,35,A,AA,isolated,1,11.580953,1977-01-08 07:57:02.779037,303.3347237015259,320.1953412653037,27.83909466478009,sunset5,81.90000012975123,0.004672827652737,268.9903169694396,8.50282630787875,253.601342799598,3.6938939175470153,unclear
770108-07-M4,770108-07-M4,4,1977-01-08 07:57:03.179037,1.0,0.0,3,35,A,AA,isolated,1,1.010885,1977-01-08 07:57:03.179037,303.3345399978222,320.19524645048887,27.839099294409724,sunset5,118.90000012974912,0.009146612953655,268.9903169694396,8.50282630787875,253.601342799598,3.6938939175470153,unclear
770108-07-M4,770108-07-M4,1,1977-01-08 07:57:03.379037,1.0,0.0,3,35,A,AA,isolated,1,31.176532,1977-01-08 07:57:03.379037,303.3344481459703,320.19519904308146,27.83910160922453,sunset5,157.60000012974697,0.0054783225219292,268.9903169694396,8.50282630787875,253.601342799598,3.6938939175470153,unclear
770309-08-M2,770309-08-M2,3,1977-03-09 08:25:44.100000,1.0,0.0,3,35,C,DD,isolated,1,0.905103,1977-03-09 08:25:44.100000,258.02380444444447,299.3991555555555,28.64807986111111,sunset7,199.40000012974457,0.0050415489667378,-1.0,-1.0,-1.0,-1.0,unclear
770309-22-M3,770309-22-M3,3,1977-03-09 22:25:03.212501,1.0,0.0,3,35,A,AA,isolated,1,2.562926,1977-03-09 22:25:03.212501,203.9316694428889,283.4811275922519,29.230939959502315,sunset7,237.2000001297424,0.0132984441558817,147.7529303777206,2.657458622962904,175.53098362040936,40.50528553391389,unclear
770309-22-M3,770309-22-M3,4,1977-03-09 22:25:06.012501,1.0,0.0,3,35,A,AA,isolated,1,0.6983,1977-03-09 22:25:06.012501,203.92731388733333,283.48017351817776,29.23097236690972,sunset7,217.6000001297436,0.0059846395032712,147.7529303777206,2.657458622962904,175.53098362040936,40.50528553391389,unclear
770309-22-M3,770309-22-M3,2,1977-03-09 22:25:06.812501,1.0,0.0,3,35,A,AA,isolated,1,49.728233,1977-03-09 22:25:06.812501,203.9260694428889,283.4799009255852,29.23098162616898,sunset7,193.90000012974488,0.0032040770353012,147.7529303777206,2.657458622962904,175.53098362040936,40.50528553391389,unclear
770309-22-M3,770309-22-M3,1,1977-03-09 22:25:06.812501,1.0,0.0,3,35,A,AA,isolated,1,2.066668,1977-03-09 22:25:06.812501,203.9260694428889,283.4799009255852,29.23098162616898,sunset7,217.40000012974355,0.0037534176735072,147.7529303777206,2.657458622962904,175.53098362040936,40.50528553391389,unclear
770408-12-M5,770408-12-M5,3,1977-04-08 12:47:16.900000,1.0,0.0,3,35,C,BB,isolated,1,2.057484,1977-04-08 12:47:16.900000,191.72850962962963,280.28335259259256,29.28283449074074,sunset8,27.800000129751737,0.0353041079906264,73.42525687129077,3.187569000521751,270.77899128417573,93.03408059735064,R2
770408-12-M5,770408-12-M5,1,1977-04-08 12:47:17.400000,1.0,0.0,3,35,C,BB,isolated,1,3.113607,1977-04-08 12:47:17.400000,191.7275911111111,280.2831822222222,29.282840277777776,sunset8,31.8000001297518,0.0257332992611835,73.42525687129077,3.187569000521751,270.77899128417573,93.03408059735064,R2
770408-12-M5,770408-12-M5,2,1977-04-08 12:47:17.500000,1.0,0.0,3,35,C,BB,isolated,1,2.324831,1977-04-08 12:47:17.500000,191.7274074074074,280.28314814814814,29.282841435185187,sunset8,26.60000012975172,0.0170576378600081,73.42525687129077,3.187569000521751,270.77899128417573,93.03408059735064,R2
770208-10-M2,770208-10-M2,3,1977-02-08 10:05:23.500000,1.0,0.0,3,35,B,AA,isolated,1,1.913266,1977-02-08 10:05:23.500000,197.2073925925926,282.5631037037037,29.303223379629628,sunset6,34.20000012975183,0.0358807418879541,6.573525273265512,1.428868913122445,354.5453316484937,0.1113015825013429,R2
770208-10-M2,770208-10-M2,1,1977-02-08 10:05:23.800000,1.0,0.0,3,35,B,AA,isolated,1,3.092858,1977-02-08 10:05:23.800000,197.20687703703703,282.5630014814815,29.30322685185185,sunset6,51.70000012975208,0.0234848704136971,6.573525273265512,1.428868913122445,354.5453316484937,0.1113015825013429,R2
770208-10-M2,770208-10-M2,2,1977-02-08 10:05:23.900000,1.0,0.0,3,35,B,AA,isolated,1,2.100001,1977-02-08 10:05:23.900000,197.2067051851852,282.56296740740737,29.303228009259257,sunset6,83.40000012975115,0.0199505338102081,6.573525273265512,1.428868913122445,354.5453316484937,0.1113015825013429,R2
770208-10-M2,770208-10-M2,4,1977-02-08 10:05:25.000000,1.0,0.0,3,35,B,AA,isolated,1,7.981293,1977-02-08 10:05:25.000000,197.2048148148148,282.5625925925926,29.30324074074074,sunset6,76.30000012975155,0.0091851981333605,6.573525273265512,1.428868913122445,354.5453316484937,0.1113015825013429,R2
