evid,evid_ref,geophone,mod_arrival_time,corr_coeffs,dt_values,minfreq,maxfreq,grade,grade_new,isol_or_rpt,num_per_family,emergence_s,picktime_SNR,Regolith_Temp_K,Rock_Temp_K,interval_day_number,diurnal_interval,duration_s,PGV,theta_mean_lag_deg,theta_sd_lag_deg,theta_mean_snr_deg,theta_sd_snr_deg,possible_source
761127-10-M3,761127-10-M3,3,1976-11-27 10:48:24.600744,1.0,0.0,3,35,A,AA,isolated,1,1.874491,1976-11-27 10:48:24.600744,252.31550287253333,230.63001802026668,15.559659730833332,sunrise4,58.700000129752176,0.0271019134058862,130.85369580251495,1.067025669408712,200.54890478667824,4.0954650065781495,geophone_rock
761127-10-M3,761127-10-M3,4,1976-11-27 10:48:25.800744,1.0,0.0,3,35,A,AA,isolated,1,3.92279,1976-11-27 10:48:25.800744,252.31655176142223,230.6304091313777,15.55967361972222,sunrise4,49.90000012975205,0.0092280628028014,130.85369580251495,1.067025669408712,200.54890478667824,4.0954650065781495,geophone_rock
761127-10-M3,761127-10-M3,2,1976-11-27 10:48:26.300744,1.0,0.0,3,35,A,AA,isolated,1,3.516327,1976-11-27 10:48:26.300744,252.31698879845925,230.63057209434075,15.559679406759258,sunrise4,45.60000012975199,0.0066538273161764,130.85369580251495,1.067025669408712,200.54890478667824,4.0954650065781495,geophone_rock
761127-10-M3,761127-10-M3,1,1976-11-27 10:48:26.800744,1.0,0.0,3,35,A,AA,isolated,1,0.643878,1976-11-27 10:48:26.800744,252.3174258354963,230.63073505730367,15.559685193796296,sunrise4,35.50000012975185,0.0048802403343695,130.85369580251495,1.067025669408712,200.54890478667824,4.0954650065781495,geophone_rock
770125-16-M1,761028-23-M3,1,1977-01-25 16:17:45.072149,0.8427731078096857,-2.023809523809524,3,35,A,AA,repeating,6,4.039797,1977-01-25 16:17:43.048339,255.1876852640445,232.32889054514072,15.561782966886572,sunrise6,243.70000012974205,0.0053024664191787,154.30676874479056,2.1769160976808943,66.3595810915173,0.8393693752137307,geophone_rock
770125-16-M1,761028-23-M3,3,1977-01-25 16:17:44.271808,0.9101217851725704,0.0765306122448979,3,35,A,AA,repeating,6,0.996599,1977-01-25 16:17:44.348339,255.18878304182223,232.3293335081037,15.561798013182871,sunrise6,31.300000129751787,0.0284252111761173,154.30676874479056,2.1769160976808943,66.3595810915173,0.8393693752137307,geophone_rock
770125-16-M1,761028-23-M3,4,1977-01-25 16:17:44.773849,0.8599311429687758,-0.0255102040816326,3,35,A,AA,repeating,6,1.191838,1977-01-25 16:17:44.748339,255.1891208196,232.3294698044,15.561802642812498,sunrise6,170.6000001297462,0.0089811128638072,154.30676874479056,2.1769160976808943,66.3595810915173,0.8393693752137307,geophone_rock
770125-16-M1,761028-23-M3,2,1977-01-25 16:17:45.065686,0.8633558082509001,0.3826530612244898,3,35,A,AA,repeating,6,3.306463,1977-01-25 16:17:45.448339,255.1897119307112,232.3297083229185,15.561810744664353,sunrise6,59.50000012975219,0.0062731366647712,154.30676874479056,2.1769160976808943,66.3595810915173,0.8393693752137307,geophone_rock
761227-01-M1,761028-23-M3,3,1976-12-27 01:17:58.656296,0.9006240366374733,0.1105442176870748,3,35,A,AA,repeating,6,0.970069,1976-12-27 01:17:58.766840,253.9602737291852,231.59493141451853,15.56196489398148,sunrise5,66.7000001297521,0.0205776338718825,179.99015480454815,6.145329476216727,212.1766871588272,2.43888747284157,geophone_rock
761227-01-M1,761028-23-M3,4,1976-12-27 01:17:59.167180,0.8337402472011053,0.3996598639455783,3,35,A,AA,repeating,6,3.17177,1976-12-27 01:17:59.566840,253.9609611365926,231.59519215525927,15.56197415324074,sunrise5,30.40000012975177,0.0069496808171098,179.99015480454815,6.145329476216727,212.1766871588272,2.43888747284157,geophone_rock
761227-01-M1,761028-23-M3,2,1976-12-27 01:17:59.460718,0.8304522591600404,0.3061224489795918,3,35,A,AA,repeating,6,3.286395,1976-12-27 01:17:59.766840,253.96113298844443,231.59525734044445,15.561976468055557,sunrise5,29.600000129751763,0.0043773942494187,179.99015480454815,6.145329476216727,212.1766871588272,2.43888747284157,geophone_rock
761227-01-M1,761028-23-M3,1,1976-12-27 01:17:59.461058,0.8213879679785753,0.7057823129251701,3,35,A,AA,repeating,6,1.610885,1976-12-27 01:18:00.166840,253.96147669214807,231.59538771081483,15.561981097685186,sunrise5,30.20000012975177,0.0043082299890442,179.99015480454815,6.145329476216727,212.1766871588272,2.43888747284157,geophone_rock
770424-09-M1,761028-23-M3,3,1977-04-24 09:32:25.545765,0.9178819762942456,-2.7551020408163267,3,35,A,AA,repeating,6,3.838776,1977-04-24 09:32:22.790663,251.5193608659852,230.7632058457185,15.624048503043982,sunrise9,75.90000012975158,0.0367877440092638,284.8898737033413,18.882641116141105,82.46425668825697,0.5869856719184411,geophone_rock
770424-09-M1,761028-23-M3,1,1977-04-24 09:32:26.353928,0.8107025283490384,-3.163265306122449,3,35,A,AA,repeating,6,7.2483,1977-04-24 09:32:23.190663,251.51970456968888,230.76333621608887,15.624053132673613,sunrise9,50.800000129752064,0.0076308105197579,284.8898737033413,18.882641116141105,82.46425668825697,0.5869856719184411,geophone_rock
770424-09-M1,761028-23-M3,4,1977-04-24 09:32:26.057670,0.8594496749451463,-1.2670068027210886,3,35,A,AA,repeating,6,2.442518,1977-04-24 09:32:24.790663,251.5210793845037,230.7638576975704,15.624071651192128,sunrise9,44.50000012975197,0.0100747090848675,284.8898737033413,18.882641116141105,82.46425668825697,0.5869856719184411,geophone_rock
770424-09-M1,761028-23-M3,2,1977-04-24 09:32:26.348486,0.8404120886484201,0.4421768707482993,3,35,A,AA,repeating,6,3.155103,1977-04-24 09:32:26.790663,251.52279790302225,230.7645095494222,15.624094799340275,sunrise9,51.50000012975208,0.0057859280454899,284.8898737033413,18.882641116141105,82.46425668825697,0.5869856719184411,geophone_rock
761028-23-M3,761028-23-M3,3,1976-10-28 23:47:25.628114,1.0,0.0,3,35,A,AA,repeating,6,1.080613,1976-10-28 23:47:25.628114,258.3365024912,232.6629547647704,15.678768843912035,sunrise3,65.30000012975218,0.0270236980381798,165.30047293289445,1.5130010661791156,175.69357062008285,13.350033144693755,geophone_rock
761028-23-M3,761028-23-M3,4,1976-10-28 23:47:26.128114,1.0,0.0,3,35,A,AA,repeating,6,1.175851,1976-10-28 23:47:26.128114,258.3369024912,232.6631251351408,15.678774630949071,sunrise3,47.20000012975201,0.0090497341975732,165.30047293289445,1.5130010661791156,175.69357062008285,13.350033144693755,geophone_rock
761028-23-M3,761028-23-M3,1,1976-10-28 23:47:26.428114,1.0,0.0,3,35,A,AA,repeating,6,1.079933,1976-10-28 23:47:26.428114,258.3371424912,232.66322735736296,15.678778103171297,sunrise3,35.90000012975185,0.004467255517497,165.30047293289445,1.5130010661791156,175.69357062008285,13.350033144693755,geophone_rock
761028-23-M3,761028-23-M3,2,1976-10-28 23:47:26.428114,1.0,0.0,3,35,A,AA,repeating,6,3.613946,1976-10-28 23:47:26.428114,258.3371424912,232.66322735736296,15.678778103171297,sunrise3,33.80000012975182,0.0068806186690308,165.30047293289445,1.5130010661791156,175.69357062008285,13.350033144693755,geophone_rock
760830-23-M2,761028-23-M3,3,1976-08-30 23:53:49.262673,0.8091318245059169,-0.0680272108843537,3,35,A,AA,repeating,6,2.496599,1976-08-30 23:53:49.194646,256.76884912945184,228.66914492165924,15.71445827136574,sunrise1,65.50000012975217,0.0182011646862997,156.2189621267187,4.870032193522038,120.0091948832251,1.005258902507438,geophone_rock
760830-23-M2,761028-23-M3,4,1976-08-30 23:53:49.765054,0.9255302069509432,0.2295918367346939,3,35,A,AA,repeating,6,0.9483,1976-08-30 23:53:49.994646,256.7694772776,228.6694056624,15.714467530625,sunrise1,54.50000012975212,0.008558909891352,156.2189621267187,4.870032193522038,120.0091948832251,1.005258902507438,geophone_rock
760830-23-M2,761028-23-M3,1,1976-08-30 23:53:50.060632,0.8812032247102599,0.0340136054421768,3,35,A,AA,repeating,6,6.503062,1976-08-30 23:53:50.094646,256.7695557961185,228.6694382549926,15.714468688032408,sunrise1,27.40000012975173,0.004346452370994,156.2189621267187,4.870032193522038,120.0091948832251,1.005258902507438,geophone_rock
760830-23-M2,761028-23-M3,2,1976-08-30 23:53:50.063013,0.8983396287671883,0.3316326530612245,3,35,A,AA,repeating,6,3.320409,1976-08-30 23:53:50.394646,256.7697913516741,228.6695360327704,15.714472160254628,sunrise1,43.40000012975196,0.0070071942656619,156.2189621267187,4.870032193522038,120.0091948832251,1.005258902507438,geophone_rock
760929-13-M1,761028-23-M3,3,1976-09-29 13:24:59.864809,0.929006949306622,-0.1445578231292517,3,35,A,AA,repeating,6,0.771429,1976-09-29 13:24:59.720251,262.9231219674222,234.1376824558963,15.78558703994213,sunrise2,38.10000012975188,0.0193064931550236,165.57349624054524,2.7119079250666807,167.71409339444935,3.07831969216248,geophone_rock
760929-13-M1,761028-23-M3,4,1976-09-29 13:25:00.371271,0.9021108933197658,-0.0510204081632653,3,35,A,AA,repeating,6,1.234355,1976-09-29 13:25:00.320251,262.92357530075554,234.1378869003408,15.785593984386576,sunrise2,37.80000012975188,0.0093944369858656,165.57349624054524,2.7119079250666807,167.71409339444935,3.07831969216248,geophone_rock
760929-13-M1,761028-23-M3,1,1976-09-29 13:25:00.665149,0.8710698288417195,0.2551020408163265,3,35,A,AA,repeating,6,3.091838,1976-09-29 13:25:00.920251,262.92402863408887,234.1380913447852,15.785600928831018,sunrise2,45.200000129751984,0.0051877010385625,165.57349624054524,2.7119079250666807,167.71409339444935,3.07831969216248,geophone_rock
760929-13-M1,761028-23-M3,2,1976-09-29 13:25:00.671612,0.8748680796736239,0.348639455782313,3,35,A,AA,repeating,6,3.306463,1976-09-29 13:25:01.020251,262.9241041896444,234.1381254188593,15.785602086238429,sunrise2,57.30000012975216,0.0061164401771727,165.57349624054524,2.7119079250666807,167.71409339444935,3.07831969216248,geophone_rock
760831-14-M4,760831-14-M4,3,1976-08-31 14:40:57.933333,1.0,0.0,3,35,B,AA,isolated,1,1.534355,1976-08-31 14:40:57.933333,290.7178172837778,247.48393185173333,16.33053163579861,sunrise1,33.80000012975182,0.0135634777952797,129.69956176050584,64.70142582230218,244.5604157310828,2.325854214305698,geophone_rock
760831-14-M4,760831-14-M4,2,1976-08-31 14:40:59.233333,1.0,0.0,3,35,B,AA,isolated,1,5.617008,1976-08-31 14:40:59.233333,290.71849135785186,247.4843940739556,16.33054668209491,sunrise1,30.70000012975178,0.0026578222673253,129.69956176050584,64.70142582230218,244.5604157310828,2.325854214305698,geophone_rock
760831-14-M4,760831-14-M4,4,1976-08-31 14:40:59.633333,1.0,0.0,3,35,B,AA,isolated,1,4.341157,1976-08-31 14:40:59.633333,290.71869876525926,247.48453629617777,16.330551311724534,sunrise1,36.000000129751854,0.0045199584231725,129.69956176050584,64.70142582230218,244.5604157310828,2.325854214305698,geophone_rock
760831-14-M4,760831-14-M4,1,1976-08-31 14:41:00.733333,1.0,0.0,3,35,B,AA,isolated,1,3.020069,1976-08-31 14:41:00.733333,290.71926913562965,247.4849274072889,16.330564043206017,sunrise1,25.000000129751697,0.0025225844943105,129.69956176050584,64.70142582230218,244.5604157310828,2.325854214305698,geophone_rock
770126-11-M2,770126-11-M2,3,1977-01-26 11:10:16.458677,1.0,0.0,3,35,A,AA,isolated,1,0.559525,1977-01-26 11:10:16.458677,298.9571791854519,256.6549846951852,16.348280771724536,sunrise6,82.70000012975119,0.0164459599858282,261.1798970737749,72.18464437047,264.8718442118033,27.37520094446697,geophone_rock
770126-11-M2,770126-11-M2,2,1977-01-26 11:10:16.958677,1.0,0.0,3,35,A,AA,isolated,1,3.290817,1977-01-26 11:10:16.958677,298.9574310373037,256.65516988037035,16.348286558761572,sunrise6,25.90000012975171,0.0027781134138699,261.1798970737749,72.18464437047,264.8718442118033,27.37520094446697,geophone_rock
770126-11-M2,770126-11-M2,4,1977-01-26 11:10:17.158677,1.0,0.0,3,35,A,AA,isolated,1,1.653742,1977-01-26 11:10:17.158677,298.9575317780444,256.6552439544444,16.34828887357639,sunrise6,31.900000129751795,0.0054687904758714,261.1798970737749,72.18464437047,264.8718442118033,27.37520094446697,geophone_rock
770126-11-M2,770126-11-M2,1,1977-01-26 11:10:17.258677,1.0,0.0,3,35,A,AA,isolated,1,16.460205,1977-01-26 11:10:17.258677,298.9575821484148,256.65528099148145,16.348290030983797,sunrise6,87.10000012975094,0.0028369385995352,261.1798970737749,72.18464437047,264.8718442118033,27.37520094446697,geophone_rock
761128-06-M4,761128-06-M4,3,1976-11-28 06:19:14.300000,1.0,0.0,3,35,B,AA,isolated,1,2.713606,1976-11-28 06:19:14.300000,298.2914251851852,255.6975185185185,16.372734953703706,sunrise4,39.80000012975191,0.0111409902472023,126.9436100587824,1.023893656512075,128.70604353870704,67.86273253944124,geophone_rock
761128-06-M4,761128-06-M4,4,1976-11-28 06:19:17.200000,1.0,0.0,3,35,B,AA,isolated,1,47.203063,1976-11-28 06:19:17.200000,298.292885925926,255.6985925925926,16.37276851851852,sunrise4,32.1000001297518,0.007942104224539,126.9436100587824,1.023893656512075,128.70604353870704,67.86273253944124,geophone_rock
761128-06-M4,761128-06-M4,1,1976-11-28 06:19:17.400000,1.0,0.0,3,35,B,AA,isolated,1,35.668028,1976-11-28 06:19:17.400000,298.29298666666665,255.69866666666667,16.372770833333334,sunrise4,27.500000129751733,0.0063019808787295,126.9436100587824,1.023893656512075,128.70604353870704,67.86273253944124,geophone_rock
761128-06-M4,761128-06-M4,2,1976-11-28 06:19:17.800000,1.0,0.0,3,35,B,AA,isolated,1,23.507824,1976-11-28 06:19:17.800000,298.29318814814815,255.6988148148148,16.372775462962963,sunrise4,23.90000012975168,0.0049288865318792,126.9436100587824,1.023893656512075,128.70604353870704,67.86273253944124,geophone_rock
761227-21-M1,761227-21-M1,3,1976-12-27 21:02:00.200000,1.0,0.0,3,35,B,AA,isolated,1,0.876531,1976-12-27 21:02:00.200000,299.8787644444444,257.09451851851856,16.384203703703704,sunrise5,20.600000129751635,0.0151111494772819,175.79705894237608,3.953661806280557,125.12799897906892,0.5356130493510937,geophone_rock
761227-21-M1,761227-21-M1,4,1976-12-27 21:02:00.900000,1.0,0.0,3,35,B,AA,isolated,1,2.07279,1976-12-27 21:02:00.900000,299.87910666666664,257.0947777777778,16.384211805555555,sunrise5,31.100000129751784,0.0052226384565812,175.79705894237608,3.953661806280557,125.12799897906892,0.5356130493510937,geophone_rock
761227-21-M1,761227-21-M1,1,1976-12-27 21:02:01.200000,1.0,0.0,3,35,B,AA,isolated,1,2.699661,1976-12-27 21:02:01.200000,299.87925333333334,257.0948888888889,16.384215277777777,sunrise5,19.60000012975162,0.0026305276693076,175.79705894237608,3.953661806280557,125.12799897906892,0.5356130493510937,geophone_rock
761227-21-M1,761227-21-M1,2,1976-12-27 21:02:01.900000,1.0,0.0,3,35,B,AA,isolated,1,5.230953,1976-12-27 21:02:01.900000,299.8795955555556,257.09514814814816,16.384223379629628,sunrise5,25.700000129751707,0.0030372064300547,175.79705894237608,3.953661806280557,125.12799897906892,0.5356130493510937,geophone_rock
761029-17-M2,761029-17-M2,3,1976-10-29 17:06:20.523157,1.0,0.0,3,35,A,AA,isolated,1,0.468028,1976-10-29 17:06:20.523157,297.45833759019257,254.8776011692593,16.400237536539354,sunrise3,23.50000012975168,0.0159283198962039,157.4873800842088,38.74025012311088,176.40313846255853,3.7386916560534895,geophone_rock
761029-17-M2,761029-17-M2,4,1976-10-29 17:06:21.023157,1.0,0.0,3,35,A,AA,isolated,1,1.838776,1976-10-29 17:06:21.023157,297.45858944204446,254.8777863544444,16.40024332357639,sunrise3,36.30000012975186,0.0049948857117966,157.4873800842088,38.74025012311088,176.40313846255853,3.7386916560534895,geophone_rock
761029-17-M2,761029-17-M2,2,1976-10-29 17:06:21.723157,1.0,0.0,3,35,A,AA,isolated,1,4.251021,1976-10-29 17:06:21.723157,297.45894203463706,254.8780456137037,16.40025142542824,sunrise3,24.300000129751687,0.0032864713808724,157.4873800842088,38.74025012311088,176.40313846255853,3.7386916560534895,geophone_rock
761029-17-M2,761029-17-M2,1,1976-10-29 17:06:21.723157,1.0,0.0,3,35,A,AA,isolated,1,1.9466,1976-10-29 17:06:21.723157,297.45894203463706,254.8780456137037,16.40025142542824,sunrise3,23.60000012975168,0.002836258497739,157.4873800842088,38.74025012311088,176.40313846255853,3.7386916560534895,geophone_rock
761128-22-M1,761030-08-M1,3,1976-11-28 22:29:40.053338,0.9262646989585632,0.1530612244897959,3,35,A,AA,repeating,3,1.426191,1976-11-28 22:29:40.206399,323.42266903666666,276.9029622752,17.046645907395835,sunrise4,26.00000012975171,0.0200865077567873,182.8652340377681,13.61382082892048,332.7980536910596,28.62694126018791,geophone_rock
761128-22-M1,761030-08-M1,2,1976-11-28 22:29:41.550617,0.8150753202378502,-0.54421768707483,3,35,A,AA,repeating,3,34.308165,1976-11-28 22:29:41.006399,323.422965332963,276.90324671964447,17.046655166655093,sunrise4,24.60000012975169,0.0060518748831376,182.8652340377681,13.61382082892048,332.7980536910596,28.62694126018791,geophone_rock
761128-22-M1,761030-08-M1,1,1976-11-28 22:29:40.553678,0.8596337004529139,0.5527210884353742,3,35,A,AA,repeating,3,2.031293,1976-11-28 22:29:41.106399,323.42300237,276.9032822752,17.0466563240625,sunrise4,25.000000129751697,0.0062608975137099,182.8652340377681,13.61382082892048,332.7980536910596,28.62694126018791,geophone_rock
761128-22-M1,761030-08-M1,4,1976-11-28 22:29:40.857760,0.8917440986456049,0.348639455782313,3,35,A,AA,repeating,3,0.494219,1976-11-28 22:29:41.206399,323.42303940703704,276.90331783075555,17.046657481469907,sunrise4,25.400000129751703,0.0114778649815507,182.8652340377681,13.61382082892048,332.7980536910596,28.62694126018791,geophone_rock
761030-08-M1,761030-08-M1,3,1976-10-30 08:54:20.931898,1.0,0.0,3,35,A,AA,repeating,3,0.760885,1976-10-30 08:54:20.931898,321.9444192214815,275.42944245262225,17.058575600671297,sunrise3,29.900000129751767,0.0160543420211051,175.32217172279567,12.532906393905648,96.02794639964254,1.4954991081128173,geophone_rock
761030-08-M1,761030-08-M1,1,1976-10-30 08:54:21.431898,1.0,0.0,3,35,A,AA,repeating,3,3.713266,1976-10-30 08:54:21.431898,321.94460440666666,275.4296202304,17.058581387708333,sunrise3,29.900000129751767,0.004446775355757,175.32217172279567,12.532906393905648,96.02794639964254,1.4954991081128173,geophone_rock
761030-08-M1,761030-08-M1,4,1976-10-30 08:54:21.731898,1.0,0.0,3,35,A,AA,repeating,3,0.836736,1976-10-30 08:54:21.731898,321.9447155177777,275.4297268970667,17.058584859930555,sunrise3,45.80000012975199,0.0086399674632941,175.32217172279567,12.532906393905648,96.02794639964254,1.4954991081128173,geophone_rock
761030-08-M1,761030-08-M1,2,1976-10-30 08:54:22.431898,1.0,0.0,3,35,A,AA,repeating,3,2.084014,1976-10-30 08:54:22.431898,321.94497477703703,275.42997578595555,17.058592961782406,sunrise3,31.50000012975179,0.0039143636077564,175.32217172279567,12.532906393905648,96.02794639964254,1.4954991081128173,geophone_rock
760930-21-M4,761030-08-M1,3,1976-09-30 21:00:52.659184,0.9227820704498554,-0.4591836734693878,3,35,C,AA,repeating,3,1.213266,1976-09-30 21:00:52.200000,321.25856,274.64778666666666,17.102166666666665,sunrise2,51.30000012975207,0.0197870425655791,227.12756975351047,61.582481227087214,197.0547535247373,8.842217442063578,geophone_rock
760930-21-M4,761030-08-M1,4,1976-09-30 21:00:53.457483,0.8991365748078033,0.042517006802721,3,35,C,AA,repeating,3,3.110545,1976-09-30 21:00:53.500000,321.25902222222226,274.6482296296296,17.102181712962963,sunrise2,39.000000129751896,0.0093120006937311,227.12756975351047,61.582481227087214,197.0547535247373,8.842217442063578,geophone_rock
760930-21-M4,761030-08-M1,2,1976-09-30 21:00:54.157143,0.8527289653519001,-0.3571428571428571,3,35,C,AA,repeating,3,2.453402,1976-09-30 21:00:53.800000,321.2591288888889,274.6483318518518,17.102185185185185,sunrise2,44.80000012975198,0.0067737309290977,227.12756975351047,61.582481227087214,197.0547535247373,8.842217442063578,geophone_rock
760930-21-M4,761030-08-M1,1,1976-09-30 21:00:53.158163,0.8691464450145863,0.8418367346938777,3,35,C,AA,repeating,3,1.734695,1976-09-30 21:00:54.000000,321.2592,274.6484,17.1021875,sunrise2,37.00000012975187,0.0056456848812236,227.12756975351047,61.582481227087214,197.0547535247373,8.842217442063578,geophone_rock
770128-00-M1,770128-00-M1,3,1977-01-28 00:19:46.600000,1.0,0.0,3,35,C,BB,isolated,1,2.993538,1977-01-28 00:19:46.600000,347.6164266666667,302.8791644444445,17.896546296296297,sunrise6,22.40000012975166,0.0139422151081711,129.5975041814133,107.05360396015604,142.40749540570792,69.05051093204118,geophone_rock
770128-00-M1,770128-00-M1,1,1977-01-28 00:19:49.600000,1.0,0.0,3,35,C,BB,isolated,1,2.757144,1977-01-28 00:19:49.600000,347.6172266666667,302.8800977777778,17.89658101851852,sunrise6,46.90000012975201,0.0050471812373247,129.5975041814133,107.05360396015604,142.40749540570792,69.05051093204118,geophone_rock
770128-00-M1,770128-00-M1,2,1977-01-28 00:19:50.000000,1.0,0.0,3,35,C,BB,isolated,1,3.726191,1977-01-28 00:19:50.000000,347.61733333333336,302.88022222222224,17.896585648148147,sunrise6,22.40000012975166,0.0045529911291288,129.5975041814133,107.05360396015604,142.40749540570792,69.05051093204118,geophone_rock
761129-19-M2,761129-19-M2,3,1976-11-29 19:18:54.285594,1.0,0.0,3,35,A,BB,isolated,1,0.382654,1976-11-29 19:18:54.285594,346.9424761584,301.83288885146663,17.914169972152777,sunrise4,15.70000012975157,0.0142069434921409,245.09535339683964,69.62827423905152,205.10352260245145,99.58949592159624,geophone_rock
761129-19-M2,761129-19-M2,4,1976-11-29 19:18:54.885594,1.0,0.0,3,35,A,BB,isolated,1,0.52245,1976-11-29 19:18:54.885594,346.9426361584,301.83307551813334,17.914176916597224,sunrise4,15.400000129751572,0.0056813819117559,245.09535339683964,69.62827423905152,205.10352260245145,99.58949592159624,geophone_rock
761129-19-M2,761129-19-M2,1,1976-11-29 19:18:55.185594,1.0,0.0,3,35,A,BB,isolated,1,2.535375,1976-11-29 19:18:55.185594,346.9427161584,301.83316885146667,17.914180388819442,sunrise4,15.100000129751573,0.005290552414342,245.09535339683964,69.62827423905152,205.10352260245145,99.58949592159624,geophone_rock
761001-18-M1,761001-18-M1,4,1976-10-01 18:31:56.566667,1.0,0.0,3,35,B,BB,isolated,1,1.460545,1976-10-01 18:31:56.566667,345.0826908642815,299.8962651852889,17.99874498457176,sunrise2,22.30000012975166,0.0070293586061013,283.8030310673227,48.33989820300989,240.10758398064416,1.425769861057634,geophone_rock
761001-18-M1,761001-18-M1,3,1976-10-01 18:31:56.966667,1.0,0.0,3,35,B,BB,isolated,1,0.405783,1976-10-01 18:31:56.966667,345.08279160502224,299.89638962973333,17.99874961420139,sunrise2,18.500000129751605,0.0105807552736692,283.8030310673227,48.33989820300989,240.10758398064416,1.425769861057634,geophone_rock
761001-18-M1,761001-18-M1,1,1976-10-01 18:31:58.066667,1.0,0.0,3,35,B,BB,isolated,1,11.227552,1976-10-01 18:31:58.066667,345.0830686420593,299.8967318519556,17.99876234568287,sunrise2,80.90000012975129,0.005477310502267,283.8030310673227,48.33989820300989,240.10758398064416,1.425769861057634,geophone_rock
770301-02-M1,770301-02-M1,4,1977-03-01 02:34:06.200000,1.0,0.0,3,35,C,AA,isolated,1,3.97347,1977-03-01 02:34:06.200000,382.5318844444445,349.8498074074074,20.403891203703704,sunrise7,73.40000012975172,0.0154634189940303,185.6886408855332,7.432113686152494,170.56008703074747,2.817800101599095,geophone_rock
770301-02-M1,770301-02-M1,3,1977-03-01 02:34:06.700000,1.0,0.0,3,35,C,AA,isolated,1,2.869729,1977-03-01 02:34:06.700000,382.5319288888889,349.8498814814815,20.40389699074074,sunrise7,57.60000012975216,0.0338457399612316,185.6886408855332,7.432113686152494,170.56008703074747,2.817800101599095,geophone_rock
770301-02-M1,770301-02-M1,2,1977-03-01 02:34:09.600000,1.0,0.0,3,35,C,AA,isolated,1,2.189117,1977-03-01 02:34:09.600000,382.5321866666667,349.8503111111111,20.40393055555556,sunrise7,42.400000129751945,0.010794791940111,185.6886408855332,7.432113686152494,170.56008703074747,2.817800101599095,geophone_rock
770301-02-M1,770301-02-M1,1,1977-03-01 02:34:09.800000,1.0,0.0,3,35,C,AA,isolated,1,1.648981,1977-03-01 02:34:09.800000,382.53220444444446,349.8503407407407,20.40393287037037,sunrise7,48.20000012975203,0.0094521475030558,185.6886408855332,7.432113686152494,170.56008703074747,2.817800101599095,geophone_rock
760909-03-N1,760909-03-N1,3,1976-09-09 03:44:22.100000,1.0,0.0,3,35,D,AA,isolated,1,0.651701,1976-09-09 03:44:22.100000,366.72617629629633,353.8133688888889,24.874561342592592,sunset1,30.40000012975177,0.0206551025703483,194.1481374344812,6.987061019727378,222.8961375844983,0.5110326814818738,geophone_rock
760909-03-N1,760909-03-N1,4,1976-09-09 03:44:23.000000,1.0,0.0,3,35,D,AA,isolated,1,2.421769,1976-09-09 03:44:23.000000,366.7260296296296,353.8132888888889,24.874571759259258,sunset1,29.900000129751767,0.008178314417708,194.1481374344812,6.987061019727378,222.8961375844983,0.5110326814818738,geophone_rock
760909-03-N1,760909-03-N1,2,1976-09-09 03:44:23.100000,1.0,0.0,3,35,D,AA,isolated,1,2.440817,1976-09-09 03:44:23.100000,366.72601333333336,353.81328,24.87457291666667,sunset1,23.90000012975168,0.0059104912443633,194.1481374344812,6.987061019727378,222.8961375844983,0.5110326814818738,geophone_rock
760909-03-N1,760909-03-N1,1,1976-09-09 03:44:23.800000,1.0,0.0,3,35,D,AA,isolated,1,0.465307,1976-09-09 03:44:23.800000,366.7258992592593,353.81321777777777,24.87458101851852,sunset1,43.800000129751965,0.0051618279538285,194.1481374344812,6.987061019727378,222.8961375844983,0.5110326814818738,geophone_rock
761011-12-M1,761011-12-M1,3,1976-10-11 12:33:36.000000,1.0,0.0,3,35,B,BB,isolated,1,2.517008,1976-10-11 12:33:36.000000,300.59426666666667,317.08213333333333,27.749895833333333,sunset2,29.10000012975176,0.0124408168039182,227.8809932813365,59.6819044085367,258.54244974637083,14.951547087760764,geophone_rock
761011-12-M1,761011-12-M1,4,1976-10-11 12:33:37.700000,1.0,0.0,3,35,B,BB,isolated,1,1.429253,1976-10-11 12:33:37.700000,300.59346074074074,317.08173037037034,27.74991550925926,sunset2,23.400000129751675,0.0081265543988819,227.8809932813365,59.6819044085367,258.54244974637083,14.951547087760764,geophone_rock
761011-12-M1,761011-12-M1,1,1976-10-11 12:33:38.800000,1.0,0.0,3,35,B,BB,isolated,1,4.878572,1976-10-11 12:33:38.800000,300.59293925925925,317.0814696296296,27.74992824074074,sunset2,42.30000012975194,0.0044050955361855,227.8809932813365,59.6819044085367,258.54244974637083,14.951547087760764,geophone_rock
760916-04-N1,760916-04-N1,3,1976-09-16 04:52:02.800000,1.0,0.0,3,35,D,BB,isolated,1,3.274831,1976-09-16 04:52:02.800000,104.60161185185184,244.56201481481483,2.429372685185185,night2,33.70000012975182,0.0062632923588182,347.8994338511603,102.7575388592974,132.69550652528233,16.826079867525994,R2
760916-04-N1,760916-04-N1,1,1976-09-16 04:52:04.100000,1.0,0.0,3,35,D,BB,isolated,1,1.626191,1976-09-16 04:52:04.100000,104.6015348148148,244.56191851851847,2.4293877314814813,night2,476.6000001297915,0.0031045540754822,347.8994338511603,102.7575388592974,132.69550652528233,16.826079867525994,R2
760916-04-N1,760916-04-N1,2,1976-09-16 04:52:05.300000,1.0,0.0,3,35,D,BB,isolated,1,0.375171,1976-09-16 04:52:05.300000,104.6014637037037,244.56182962962964,2.42940162037037,night2,22.800000129751663,0.0034835846263332,347.8994338511603,102.7575388592974,132.69550652528233,16.826079867525994,R2
770124-19-M1,761028-01-M1,3,1977-01-24 19:25:26.874125,0.9135926781544652,0.0085034013605442,3,35,A,AA,repeating,2,0.925511,1977-01-24 19:25:26.882628,108.21684805368888,213.42572290026663,14.692151419305556,sunrise6,65.0000001297522,0.010750302039822,348.5588874389476,0.3203638509666294,351.0931031412422,0.1662457057273542,R2
770124-19-M1,761028-01-M1,1,1977-01-24 19:25:27.080587,0.9175120529575036,0.1020408163265306,3,35,A,AA,repeating,2,2.691838,1977-01-24 19:25:27.182628,108.21888360924444,213.4257495669333,14.692154891527776,sunrise6,51.70000012975208,0.0088421601962783,348.5588874389476,0.3203638509666294,351.0931031412422,0.1662457057273542,R2
770124-19-M1,761028-01-M1,2,1977-01-24 19:25:27.276165,0.8987753573500943,-0.0935374149659864,3,35,A,AA,repeating,2,1.69694,1977-01-24 19:25:27.182628,108.21888360924444,213.4257495669333,14.692154891527776,sunrise6,49.60000012975205,0.0070850127888645,348.5588874389476,0.3203638509666294,351.0931031412422,0.1662457057273542,R2
770124-19-M1,761028-01-M1,4,1977-01-24 19:25:28.380587,0.8651304414381068,0.1020408163265306,3,35,A,AA,repeating,2,3.942858,1977-01-24 19:25:28.482628,108.22770434998516,213.4258651224889,14.692169937824074,sunrise6,75.70000012975159,0.0042366491817571,348.5588874389476,0.3203638509666294,351.0931031412422,0.1662457057273542,R2
761028-01-M1,761028-01-M1,3,1976-10-28 01:02:47.307639,1.0,0.0,3,35,A,AA,repeating,2,0.936055,1976-10-28 01:02:47.307639,96.97940137928887,212.11324786008888,14.73110309767361,sunrise3,52.40000012975209,0.0113043528546792,347.73909678585704,0.3458007862459762,357.414975478936,0.4386203609010953,R2
761028-01-M1,761028-01-M1,1,1976-10-28 01:02:47.507639,1.0,0.0,3,35,A,AA,repeating,2,2.785375,1976-10-28 01:02:47.507639,96.9806398978074,212.1132597119408,14.731105412488423,sunrise3,48.100000129752026,0.0088807987444134,347.73909678585704,0.3458007862459762,357.414975478936,0.4386203609010953,R2
761028-01-M1,761028-01-M1,2,1976-10-28 01:02:47.707639,1.0,0.0,3,35,A,AA,repeating,2,5.842178,1976-10-28 01:02:47.707639,96.98187841632593,212.11327156379247,14.73110772730324,sunrise3,67.00000012975208,0.0079990331023948,347.73909678585704,0.3458007862459762,357.414975478936,0.4386203609010953,R2
761028-01-M1,761028-01-M1,4,1976-10-28 01:02:48.807639,1.0,0.0,3,35,A,AA,repeating,2,5.907144,1976-10-28 01:02:48.807639,96.98869026817778,212.1133367489778,14.731120458784725,sunrise3,49.10000012975204,0.0043147457684544,347.73909678585704,0.3458007862459762,357.414975478936,0.4386203609010953,R2
770223-19-N2,770223-19-N2,2,1977-02-23 19:17:27.200000,1.0,0.0,3,35,D,AA,isolated,1,5.104423,1977-02-23 19:17:27.200000,208.1889777777777,219.84040592592595,15.100662037037036,sunrise7,28.90000012975176,0.0102272549029864,349.0835320016286,0.2797690720749481,341.11853178719053,0.7824325954558481,R2
770223-19-N2,770223-19-N2,3,1977-02-23 19:17:27.300000,1.0,0.0,3,35,D,AA,isolated,1,2.419389,1977-02-23 19:17:27.300000,208.18913333333333,219.84043111111112,15.100663194444444,sunrise7,44.00000012975197,0.0136430734729981,349.0835320016286,0.2797690720749481,341.11853178719053,0.7824325954558481,R2
770223-19-N2,770223-19-N2,1,1977-02-23 19:17:27.600000,1.0,0.0,3,35,D,AA,isolated,1,3.352382,1977-02-23 19:17:27.600000,208.1896,219.84050666666667,15.100666666666667,sunrise7,26.900000129751724,0.0102914473590117,349.0835320016286,0.2797690720749481,341.11853178719053,0.7824325954558481,R2
770223-19-N2,770223-19-N2,4,1977-02-23 19:17:29.200000,1.0,0.0,3,35,D,AA,isolated,1,5.893538,1977-02-23 19:17:29.200000,208.1920888888889,219.84090962962964,15.100685185185185,sunrise7,36.20000012975186,0.0039870294914987,349.0835320016286,0.2797690720749481,341.11853178719053,0.7824325954558481,R2
770423-21-M6,770423-21-M6,3,1977-04-23 21:30:20.960076,1.0,0.0,3,35,A,BB,isolated,1,3.578572,1977-04-23 21:30:20.960076,201.53144486684445,218.39163498097776,15.122638426805556,sunrise9,29.30000012975176,0.0167218518766752,62.14166643911363,95.48748509357117,84.96259764393453,126.53530456760924,R2
770423-21-M6,770423-21-M6,1,1977-04-23 21:30:21.860076,1.0,0.0,3,35,A,BB,isolated,1,3.231294,1977-04-23 21:30:21.860076,201.53293820017777,218.39184831431112,15.122648843472222,sunrise9,23.70000012975168,0.008737718936031,62.14166643911363,95.48748509357117,84.96259764393453,126.53530456760924,R2
770423-21-M6,770423-21-M6,2,1977-04-23 21:30:21.960076,1.0,0.0,3,35,A,BB,isolated,1,4.610885,1977-04-23 21:30:21.960076,201.5331041261037,218.3918720180148,15.12265000087963,sunrise9,24.700000129751693,0.0075638699623241,62.14166643911363,95.48748509357117,84.96259764393453,126.53530456760924,R2
770408-12-M5,770408-12-M5,3,1977-04-08 12:47:16.900000,1.0,0.0,3,35,C,BB,isolated,1,2.057484,1977-04-08 12:47:16.900000,191.72850962962963,280.28335259259256,29.28283449074074,sunset8,27.800000129751737,0.0353041079906264,132.26678060527493,16.51248697376945,22.891684153414342,118.76205555361204,R2
770408-12-M5,770408-12-M5,1,1977-04-08 12:47:17.400000,1.0,0.0,3,35,C,BB,isolated,1,3.113607,1977-04-08 12:47:17.400000,191.7275911111111,280.2831822222222,29.282840277777776,sunset8,31.8000001297518,0.0257332992611835,132.26678060527493,16.51248697376945,22.891684153414342,118.76205555361204,R2
770408-12-M5,770408-12-M5,2,1977-04-08 12:47:17.500000,1.0,0.0,3,35,C,BB,isolated,1,2.324831,1977-04-08 12:47:17.500000,191.7274074074074,280.28314814814814,29.282841435185187,sunset8,26.60000012975172,0.0170576378600081,132.26678060527493,16.51248697376945,22.891684153414342,118.76205555361204,R2
770208-10-M2,770208-10-M2,3,1977-02-08 10:05:23.500000,1.0,0.0,3,35,B,AA,isolated,1,1.913266,1977-02-08 10:05:23.500000,197.2073925925926,282.5631037037037,29.303223379629628,sunset6,34.20000012975183,0.0358807418879541,6.5735651989714885,1.428933615408268,354.54533172225734,0.1113015684865174,R2
770208-10-M2,770208-10-M2,1,1977-02-08 10:05:23.800000,1.0,0.0,3,35,B,AA,isolated,1,3.092858,1977-02-08 10:05:23.800000,197.20687703703703,282.5630014814815,29.30322685185185,sunset6,51.70000012975208,0.0234848704136971,6.5735651989714885,1.428933615408268,354.54533172225734,0.1113015684865174,R2
770208-10-M2,770208-10-M2,2,1977-02-08 10:05:23.900000,1.0,0.0,3,35,B,AA,isolated,1,2.100001,1977-02-08 10:05:23.900000,197.2067051851852,282.56296740740737,29.303228009259257,sunset6,83.40000012975115,0.0199505338102081,6.5735651989714885,1.428933615408268,354.54533172225734,0.1113015684865174,R2
770208-10-M2,770208-10-M2,4,1977-02-08 10:05:25.000000,1.0,0.0,3,35,B,AA,isolated,1,7.981293,1977-02-08 10:05:25.000000,197.2048148148148,282.5625925925926,29.30324074074074,sunset6,76.30000012975155,0.0091851981333605,6.5735651989714885,1.428933615408268,354.54533172225734,0.1113015684865174,R2
770421-00-M2,770421-00-M2,4,1977-04-21 00:50:04.633333,1.0,0.0,3,35,B,AA,isolated,1,3.557144,1977-04-21 00:50:04.633333,84.30548691358518,216.4654869135852,12.261338348761573,night9,54.10000012975211,0.0080768828423461,142.28109680646344,0.1470872262877295,141.02257427861338,0.4891451853450598,GEO4_rock1
770421-00-M2,770421-00-M2,3,1977-04-21 00:50:05.733333,1.0,0.0,3,35,B,AA,isolated,1,3.766667,1977-04-21 00:50:05.733333,84.30547061728889,216.4654706172889,12.261351080243056,night9,46.300000129752,0.0032697998510015,142.28109680646344,0.1470872262877295,141.02257427861338,0.4891451853450598,GEO4_rock1
770421-00-M2,770421-00-M2,1,1977-04-21 00:50:05.933333,1.0,0.0,3,35,B,AA,isolated,1,10.292858,1977-04-21 00:50:05.933333,84.30546765432592,216.46546765432592,12.261353395057869,night9,57.60000012975216,0.0025674083643216,142.28109680646344,0.1470872262877295,141.02257427861338,0.4891451853450598,GEO4_rock1
770421-00-M2,770421-00-M2,2,1977-04-21 00:50:07.133333,1.0,0.0,3,35,B,AA,isolated,1,7.604763,1977-04-21 00:50:07.133333,84.30544987654815,216.4654498765481,12.261367283946758,night9,40.60000012975192,0.002492633704831,142.28109680646344,0.1470872262877295,141.02257427861338,0.4891451853450598,GEO4_rock1
770206-17-M2,770206-17-M2,4,1977-02-06 17:13:19.033333,1.0,0.0,3,35,B,AA,repeating,3,0.383334,1977-02-06 17:13:19.033333,311.3133782717481,324.3424370371111,27.600393904317126,sunset6,53.700000129752105,0.0314636515215977,157.61907625341811,2.1490895578945324,133.57017720760942,3.1362783579287044,GEO4_rock1
770206-17-M2,770206-17-M2,3,1977-02-06 17:13:19.633333,1.0,0.0,3,35,B,AA,repeating,3,2.308844,1977-02-06 17:13:19.633333,311.3131204939704,324.34230370377776,27.600400848761574,sunset6,44.50000012975197,0.0119023151035916,157.61907625341811,2.1490895578945324,133.57017720760942,3.1362783579287044,GEO4_rock1
770206-17-M2,770206-17-M2,1,1977-02-06 17:13:19.833333,1.0,0.0,3,35,B,AA,repeating,3,3.426871,1977-02-06 17:13:19.833333,311.31303456804443,324.34225925933333,27.600403163576388,sunset6,46.90000012975201,0.0099636315596065,157.61907625341811,2.1490895578945324,133.57017720760942,3.1362783579287044,GEO4_rock1
770206-17-M2,770206-17-M2,2,1977-02-06 17:13:20.833333,1.0,0.0,3,35,B,AA,repeating,3,1.644559,1977-02-06 17:13:20.833333,311.3126049384148,324.3420370371111,27.600414737650464,sunset6,49.90000012975205,0.0044984092516923,157.61907625341811,2.1490895578945324,133.57017720760942,3.1362783579287044,GEO4_rock1
770308-07-M4,770206-17-M2,4,1977-03-08 07:32:18.552041,0.9190886017421352,-1.3520408163265307,3,35,B,AA,repeating,3,1.679252,1977-03-08 07:32:17.200000,309.2210548148148,322.8074785185185,27.610962962962965,sunset7,346.10000012976184,0.0246952136502788,159.62644191933722,0.2480993187235263,161.43005029039008,2.330910158530702,GEO4_rock1
770308-07-M4,770206-17-M2,3,1977-03-08 07:32:19.157483,0.8714650431419424,0.042517006802721,3,35,B,AA,repeating,3,1.558504,1977-03-08 07:32:19.200000,309.2201955555556,322.80700444444443,27.61098611111112,sunset7,254.10000012974143,0.0124920383595105,159.62644191933722,0.2480993187235263,161.43005029039008,2.330910158530702,GEO4_rock1
770308-07-M4,770206-17-M2,1,1977-03-08 07:32:19.347279,0.8743605247471405,0.5527210884353742,3,35,B,AA,repeating,3,0.952042,1977-03-08 07:32:19.900000,309.2198948148148,322.8068385185185,27.61099421296296,sunset7,257.40000012974167,0.0089873023882494,159.62644191933722,0.2480993187235263,161.43005029039008,2.330910158530702,GEO4_rock1
770308-07-M4,770206-17-M2,2,1977-03-08 07:32:20.355442,0.7817868036874049,0.1445578231292517,3,35,B,AA,repeating,3,46.823131,1977-03-08 07:32:20.500000,309.219637037037,322.80669629629625,27.611001157407408,sunset7,105.90000012974988,0.005468285918613,159.62644191933722,0.2480993187235263,161.43005029039008,2.330910158530702,GEO4_rock1
770108-02-M3,770206-17-M2,2,1977-01-08 02:53:34.813606,0.8191906679746649,-4.846938775510204,3,35,B,AA,repeating,3,8.395579,1977-01-08 02:53:29.966667,311.4875698764,324.496674074,27.628298225312506,sunset5,241.80000012974216,0.0053537525656873,159.7616579554114,0.2213652539438574,249.99120251479653,0.0623973980176867,GEO4_rock1
770108-02-M3,770206-17-M2,4,1977-01-08 02:53:33.005783,0.9356413992111328,-1.5391156462585036,3,35,B,AA,repeating,3,2.92449,1977-01-08 02:53:31.466667,311.4869254319556,324.49634074066665,27.62831558642361,sunset5,85.70000012975102,0.0285257006781788,159.7616579554114,0.2213652539438574,249.99120251479653,0.0623973980176867,GEO4_rock1
770108-02-M3,770206-17-M2,3,1977-01-08 02:53:33.607143,0.9225431692902076,0.0595238095238095,3,35,B,AA,repeating,3,2.110545,1977-01-08 02:53:33.666667,311.4859802467704,324.4958518517778,27.628341049386574,sunset5,77.50000012975148,0.011177426292652,159.7616579554114,0.2213652539438574,249.99120251479653,0.0623973980176867,GEO4_rock1
770108-02-M3,770206-17-M2,1,1977-01-08 02:53:33.807483,0.911171555728451,0.4591836734693878,3,35,B,AA,repeating,3,2.964627,1977-01-08 02:53:34.266667,311.4857224689926,324.49571851844445,27.628347993831017,sunset5,51.10000012975207,0.0089679650996895,159.7616579554114,0.2213652539438574,249.99120251479653,0.0623973980176867,GEO4_rock1
761209-12-N1,761209-12-N1,4,1976-12-09 12:58:17.700000,1.0,0.0,3,35,D,AA,isolated,1,1.971769,1976-12-09 12:58:17.700000,309.68728444444446,323.22273333333334,27.649857638888893,sunset4,221.1000001297433,0.0216795604654313,170.40778493377465,0.0124953592897247,190.2865559789484,0.5572901024260577,GEO4_rock1
761209-12-N1,761209-12-N1,3,1976-12-09 12:58:18.200000,1.0,0.0,3,35,D,AA,isolated,1,3.14694,1976-12-09 12:58:18.200000,309.68706962962966,323.22262222222224,27.64986342592593,sunset4,220.80000012974327,0.0108463264181103,170.40778493377465,0.0124953592897247,190.2865559789484,0.5572901024260577,GEO4_rock1
761209-12-N1,761209-12-N1,2,1976-12-09 12:58:19.600000,1.0,0.0,3,35,D,AA,isolated,1,17.767348,1976-12-09 12:58:19.600000,309.6864681481481,323.22231111111114,27.64987962962963,sunset4,219.40000012974343,0.005378307757699,170.40778493377465,0.0124953592897247,190.2865559789484,0.5572901024260577,GEO4_rock1
761209-12-N1,761209-12-N1,1,1976-12-09 12:58:20.600000,1.0,0.0,3,35,D,AA,isolated,1,10.3983,1976-12-09 12:58:20.600000,309.6860385185185,323.2220888888889,27.649891203703703,sunset4,30.20000012975177,0.0094954066729539,170.40778493377465,0.0124953592897247,190.2865559789484,0.5572901024260577,GEO4_rock1
770406-21-N2,770406-21-N2,4,1977-04-06 21:43:10.600000,1.0,0.0,3,35,D,AA,repeating,3,1.020749,1977-04-06 21:43:10.600000,305.3286222222222,320.10593185185184,27.654983796296296,sunset8,40.70000012975192,0.0285688458538247,153.18387211477474,0.4001666193466073,153.9964092608048,0.3736287146369681,GEO4_rock1
770406-21-N2,770406-21-N2,3,1977-04-06 21:43:11.700000,1.0,0.0,3,35,D,AA,repeating,3,3.976871,1977-04-06 21:43:11.700000,305.3281333333333,320.1056711111111,27.65499652777778,sunset8,35.60000012975185,0.0137569651566696,153.18387211477474,0.4001666193466073,153.9964092608048,0.3736287146369681,GEO4_rock1
770406-21-N2,770406-21-N2,1,1977-04-06 21:43:12.600000,1.0,0.0,3,35,D,AA,repeating,3,3.706123,1977-04-06 21:43:12.600000,305.3277333333333,320.10545777777776,27.655006944444445,sunset8,30.500000129751776,0.010517285877256,153.18387211477474,0.4001666193466073,153.9964092608048,0.3736287146369681,GEO4_rock1
770406-21-N2,770406-21-N2,2,1977-04-06 21:43:13.400000,1.0,0.0,3,35,D,AA,repeating,3,1.264966,1977-04-06 21:43:13.400000,305.32737777777777,320.1052681481481,27.655016203703703,sunset8,25.400000129751703,0.0048172408842524,153.18387211477474,0.4001666193466073,153.9964092608048,0.3736287146369681,GEO4_rock1
761109-23-M6,770406-21-N2,4,1976-11-09 23:54:51.108843,0.9128279926784112,-1.2755102040816328,3,35,B,BB,repeating,3,2.241497,1976-11-09 23:54:49.833333,306.177851852,320.76352098773333,27.68391010802084,sunset3,51.40000012975207,0.0271113855635761,155.6106096654453,0.7128462888283325,180.9133333499415,6.904982287926672,GEO4_rock1
761109-23-M6,770406-21-N2,3,1976-11-09 23:54:52.208163,0.8608705434151168,0.4251700680272109,3,35,B,BB,repeating,3,3.557144,1976-11-09 23:54:52.633333,306.17660740755554,320.7628572840296,27.68394251542824,sunset3,26.800000129751723,0.0121012775394035,155.6106096654453,0.7128462888283325,180.9133333499415,6.904982287926672,GEO4_rock1
761109-23-M6,770406-21-N2,1,1976-11-09 23:54:53.110204,0.8643384447987524,0.3231292517006803,3,35,B,BB,repeating,3,2.536055,1976-11-09 23:54:53.433333,306.176251852,320.7626676544,27.6839517746875,sunset3,31.900000129751795,0.0092108333943395,155.6106096654453,0.7128462888283325,180.9133333499415,6.904982287926672,GEO4_rock1
761011-11-M2,770406-21-N2,4,1976-10-11 11:38:21.113946,0.9014298560658432,0.5527210884353742,3,35,B,BB,repeating,3,0.443878,1976-10-11 11:38:21.666667,302.13627160478524,317.8677530863407,27.71153549383102,sunset2,42.500000129751946,0.0293442946121582,155.65902426463862,0.4656114130350284,170.00264279138193,50.73068090745354,GEO4_rock1
761011-11-M2,770406-21-N2,3,1976-10-11 11:38:22.207483,0.851672827230274,0.4591836734693878,3,35,B,BB,repeating,3,1.27211,1976-10-11 11:38:22.666667,302.13581234552595,317.8675160493037,27.71154706790509,sunset2,36.60000012975186,0.013205881852264,155.65902426463862,0.4656114130350284,170.00264279138193,50.73068090745354,GEO4_rock1
761011-11-M2,770406-21-N2,1,1976-10-11 11:38:23.106803,0.8535362684491417,-0.3401360544217687,3,35,B,BB,repeating,3,2.09898,1976-10-11 11:38:22.766667,302.13576641960003,317.8674923456,27.7115482253125,sunset2,96.90000012975038,0.0090207082973067,155.65902426463862,0.4656114130350284,170.00264279138193,50.73068090745354,GEO4_rock1
760911-23-M4,760911-23-M4,4,1976-09-11 23:55:29.633333,1.0,0.0,3,35,B,AA,isolated,1,2.434695,1976-09-11 23:55:29.633333,298.7481738273185,315.06408691365925,27.71562075616898,sunset1,39.80000012975191,0.0199260725588935,146.72933889087795,2.8181176227135545,154.56452086157034,2.5552724441318206,GEO4_rock1
760911-23-M4,760911-23-M4,3,1976-09-11 23:55:30.433333,1.0,0.0,3,35,B,AA,isolated,1,1.541157,1976-09-11 23:55:30.433333,298.74779456805925,315.0638972840296,27.715630015428243,sunset1,42.70000012975195,0.0133266687524866,146.72933889087795,2.8181176227135545,154.56452086157034,2.5552724441318206,GEO4_rock1
760911-23-M4,760911-23-M4,1,1976-09-11 23:55:31.033333,1.0,0.0,3,35,B,AA,isolated,1,3.832314,1976-09-11 23:55:31.033333,298.7475101236148,315.0637550618074,27.715636959872683,sunset1,43.70000012975196,0.0100279256907574,146.72933889087795,2.8181176227135545,154.56452086157034,2.5552724441318206,GEO4_rock1
760911-23-M4,760911-23-M4,2,1976-09-11 23:55:31.533333,1.0,0.0,3,35,B,AA,isolated,1,4.12313,1976-09-11 23:55:31.533333,298.74727308657776,315.0636365432889,27.71564274690972,sunset1,39.90000012975191,0.0048725527606853,146.72933889087795,2.8181176227135545,154.56452086157034,2.5552724441318206,GEO4_rock1
770208-07-N1,770208-07-N1,4,1977-02-08 07:24:56.200000,1.0,0.0,3,35,D,BB,isolated,1,0.487076,1977-02-08 07:24:56.200000,212.2075703703704,285.8390162962963,29.1917962962963,sunset6,50.40000012975206,0.0107217310183406,156.3515792987689,0.5260984874933058,171.8194522816737,1.1318841168338831,GEO4_rock1
770208-07-N1,770208-07-N1,3,1977-02-08 07:24:57.400000,1.0,0.0,3,35,D,BB,isolated,1,1.429933,1977-02-08 07:24:57.400000,212.20588148148147,285.8386251851852,29.191810185185183,sunset6,28.00000012975174,0.0053440792029188,156.3515792987689,0.5260984874933058,171.8194522816737,1.1318841168338831,GEO4_rock1
770208-07-N1,770208-07-N1,1,1977-02-08 07:24:58.100000,1.0,0.0,3,35,D,BB,isolated,1,2.609185,1977-02-08 07:24:58.100000,212.20489629629628,285.83839703703705,29.19181828703704,sunset6,29.000000129751754,0.004036567921254,156.3515792987689,0.5260984874933058,171.8194522816737,1.1318841168338831,GEO4_rock1
760913-12-M6,760913-12-M6,2,1976-09-13 12:26:03.800000,1.0,0.0,3,35,C,BB,isolated,1,0.944899,1976-09-13 12:26:03.800000,185.56556740740743,277.33714962962966,29.236849537037035,sunset1,27.00000012975173,0.0083241935775364,336.01927709687914,0.4312404271285663,327.8355213418312,0.6073524860600693,GEO4_rock1
760913-12-M6,760913-12-M6,3,1976-09-13 12:26:04.700000,1.0,0.0,3,35,C,BB,isolated,1,6.983674,1976-09-13 12:26:04.700000,185.56378074074075,277.336842962963,29.236859953703707,sunset1,37.60000012975188,0.0095312703986603,336.01927709687914,0.4312404271285663,327.8355213418312,0.6073524860600693,GEO4_rock1
760913-12-M6,760913-12-M6,4,1976-09-13 12:26:07.100000,1.0,0.0,3,35,C,BB,isolated,1,1.19932,1976-09-13 12:26:07.100000,185.5590162962963,277.3360251851852,29.23688773148148,sunset1,31.7000001297518,0.0224862237175372,336.01927709687914,0.4312404271285663,327.8355213418312,0.6073524860600693,GEO4_rock1
761111-13-N2,761111-13-N2,4,1976-11-11 13:33:31.900000,1.0,0.0,3,35,D,DD,isolated,1,3.996259,1976-11-11 13:33:31.900000,199.4452637037037,282.08779703703703,29.252452546296297,sunset3,24.40000012975169,0.0122748141693037,-1.0,-1.0,-1.0,-1.0,GEO4_rock1
760831-17-M5,760831-17-M5,4,1976-08-31 17:39:28.600000,1.0,0.0,3,35,C,DD,isolated,1,1.474831,1976-08-31 17:39:28.600000,296.1479822222222,251.38392592592592,16.454497685185185,sunrise1,115.50000012974932,0.0032809050251187,-1.0,-1.0,-1.0,-1.0,GEO4_rock2or3
760913-12-M2,760913-12-M2,4,1976-09-13 12:34:58.533333,1.0,0.0,3,35,B,BB,isolated,1,0.998981,1976-09-13 12:34:58.533333,184.5018439512889,277.15494419764445,29.24303858024305,sunset1,47.80000012975202,0.0274419235799951,188.4932637684192,0.4901394880382245,150.1371725081346,51.99706362087419,GEO4_rock2or3
760913-12-M2,760913-12-M2,3,1976-09-13 12:34:59.333333,1.0,0.0,3,35,B,BB,isolated,1,0.930273,1976-09-13 12:34:59.333333,184.50023209943703,277.1546716050519,29.24304783950232,sunset1,28.00000012975174,0.014934072105528,188.4932637684192,0.4901394880382245,150.1371725081346,51.99706362087419,GEO4_rock2or3
760913-12-M2,760913-12-M2,2,1976-09-13 12:34:59.833333,1.0,0.0,3,35,B,BB,isolated,1,1.178572,1976-09-13 12:34:59.833333,184.49922469202963,277.1545012346815,29.24305362653936,sunset1,47.90000012975202,0.0109625679191863,188.4932637684192,0.4901394880382245,150.1371725081346,51.99706362087419,GEO4_rock2or3
770408-13-M2,770408-13-M2,4,1977-04-08 13:10:11.500000,1.0,0.0,3,35,C,AA,isolated,1,0.770409,1977-04-08 13:10:11.500000,189.1737481481481,279.8125777777778,29.29874421296296,sunset8,116.50000012974928,0.0244095053549438,170.77738078200835,0.5595361984803262,174.4989605288901,0.124602885715782,GEO4_rock2or3
770408-13-M2,770408-13-M2,3,1977-04-08 13:10:12.800000,1.0,0.0,3,35,C,AA,isolated,1,0.660885,1977-04-08 13:10:12.800000,189.1712829629629,279.8121155555556,29.298759259259256,sunset8,129.00000012974857,0.0147564928167056,170.77738078200835,0.5595361984803262,174.4989605288901,0.124602885715782,GEO4_rock2or3
770408-13-M2,770408-13-M2,2,1977-04-08 13:10:13.000000,1.0,0.0,3,35,C,AA,isolated,1,1.52381,1977-04-08 13:10:13.000000,189.1709037037037,279.81204444444444,29.298761574074074,sunset8,145.70000012974762,0.0089690908900108,170.77738078200835,0.5595361984803262,174.4989605288901,0.124602885715782,GEO4_rock2or3
770408-13-M2,770408-13-M2,1,1977-04-08 13:10:13.100000,1.0,0.0,3,35,C,AA,isolated,1,2.112586,1977-04-08 13:10:13.100000,189.17071407407408,279.8120088888889,29.29876273148148,sunset8,144.60000012974768,0.0077201599376972,170.77738078200835,0.5595361984803262,174.4989605288901,0.124602885715782,GEO4_rock2or3
761111-14-M5,761111-14-M5,4,1976-11-11 14:52:27.784514,1.0,0.0,3,35,A,AA,isolated,1,0.612586,1976-11-11 14:52:27.784514,191.0908350625481,280.4640882396741,29.307266024467594,sunset3,48.30000012975203,0.0250084098622115,187.91935893501267,1.3889760479508684,179.606091048886,0.4669618837138846,GEO4_rock2or3
761111-14-M5,761111-14-M5,3,1976-11-11 14:52:28.484514,1.0,0.0,3,35,A,AA,isolated,1,2.837756,1976-11-11 14:52:28.484514,191.0895180255111,280.46384972115555,29.30727412631944,sunset3,57.00000012975215,0.0097127905181341,187.91935893501267,1.3889760479508684,179.606091048886,0.4669618837138846,GEO4_rock2or3
761111-14-M5,761111-14-M5,2,1976-11-11 14:52:29.084514,1.0,0.0,3,35,A,AA,isolated,1,1.565987,1976-11-11 14:52:29.084514,191.08838913662223,280.46364527671113,29.30728107076389,sunset3,44.00000012975197,0.0096216879228797,187.91935893501267,1.3889760479508684,179.606091048886,0.4669618837138846,GEO4_rock2or3
761111-14-M5,761111-14-M5,1,1976-11-11 14:52:29.284514,1.0,0.0,3,35,A,AA,isolated,1,2.105783,1976-11-11 14:52:29.284514,191.08801284032592,280.463577128563,29.307283385578707,sunset3,38.80000012975189,0.00859639755635,187.91935893501267,1.3889760479508684,179.606091048886,0.4669618837138846,GEO4_rock2or3
761211-05-M2,761211-05-M2,4,1976-12-11 05:12:40.300000,1.0,0.0,3,35,C,AA,isolated,1,1.052042,1976-12-11 05:12:40.300000,194.1824948148148,281.72967111111114,29.32650810185185,sunset4,30.90000012975178,0.0222617958010355,210.73993123097725,2.0349615086736144,167.41991337194258,0.1252981538241748,GEO4_rock2or3
761211-05-M2,761211-05-M2,3,1976-12-11 05:12:41.300000,1.0,0.0,3,35,C,AA,isolated,1,0.757824,1976-12-11 05:12:41.300000,194.18068740740745,281.7293155555556,29.326519675925923,sunset4,28.500000129751747,0.0127731355897362,210.73993123097725,2.0349615086736144,167.41991337194258,0.1252981538241748,GEO4_rock2or3
761211-05-M2,761211-05-M2,1,1976-12-11 05:12:41.500000,1.0,0.0,3,35,C,AA,isolated,1,2.454082,1976-12-11 05:12:41.500000,194.180325925926,281.7292444444445,29.32652199074074,sunset4,41.800000129751936,0.007896048489551,210.73993123097725,2.0349615086736144,167.41991337194258,0.1252981538241748,GEO4_rock2or3
761211-05-M2,761211-05-M2,2,1976-12-11 05:12:41.600000,1.0,0.0,3,35,C,AA,isolated,1,1.257144,1976-12-11 05:12:41.600000,194.1801451851852,281.7292088888889,29.326523148148148,sunset4,76.80000012975152,0.0117953723767599,210.73993123097725,2.0349615086736144,167.41991337194258,0.1252981538241748,GEO4_rock2or3
